,Question,Answer,A,B,C,,Explaniation if needed,Category,Sub Category,File Name pulled from,,
3,"(Refer to FAA-CT-8080-2H, Figure 12.) The wind direction and velocity at KJFK is from",A,180 degrees true at 4 knots.,180 degrees magnetic at 4 knots.,040 degrees true at 18 knots.,,,weather,"Sources, Metar",2nd rnd practice test,Weather and Weather Sources,TAF interpretation
3,"(Refer to FAA-CT-8080-2H, Figure 12.) What are the current conditions for Chicago Midway Airport (KMDW)?",A,"Sky 700 feet overcast, visibility 1-1/2SM, rain.","Sky 7,000 feet overcast, visibility 1-1/2SM, heavy rain.","Sky 700 feet overcast, visibility 11, occasionally 2SM, with rain.",,,Weather,"Sources, Metar","2nd Rnd Test Prep, Part 1 Test -Key DE, Remaining Weather questions for James, ",Weather and Weather Sources,TAF interpretation
3,"(Refer to FAA-CT-8080-2H, Figure 12.) Which stations are reporting weather that would prohibit UAS operations?",B,KINK and KMDW.,KMDW and KJFK.,KINK and KBOI.,,,weather,"Sources, Metar","2nd Rnd Practice Test, Part 1 Test- Key- DE, new 60 questions test prep",Operations,General operations
3,"(Refer to FAA-CT-8080-2H, Figure 15.) What is the valid period for the TAF for KMEM?",C,1200Z to 1200Z.,1200Z to 1800Z.,1800Z to 2400Z.,,,weather,"Sources, TAF","2nd rnd practice test, new 60 questions test prep",Airspace Classification and Operating Requirements,Controlled vs uncontrolled airspace / ATC authorization
3,"(Refer to FAA-CT-8080-2H, Figure 2.) If an unmanned airplane weighs 33 pounds, what approximate weight would the airplane structure be required to support during a 30° banked turn while maintaining altitude?",B,47 pounds.,38 pounds.,34 pounds.,,,Loading & Performance,loading and performance,2nd rnd practice test,Operations,General operations
3,"(Refer to FAA-CT-8080-2H, Figure 20 Area 1) The Fentress NALF Airport (NFE) is in what type of airspace?",B,Class C,Class E,Class G,,,Airports & Airspace,Controlled vs Non controlled Airspace,Airports & Airspace Test - key,Operations,Airport operations and traffic patterns
3,"(Refer to FAA-CT-8080-2H, Figure 20, area 2.) Why would the small flag at Lake Drummond of the sectional chart be important to a remote pilot?",C,This indicates that there will be a large obstruction depicted on the next printing of the chart.,This is a GPS check point that can be used by both manned and remote pilots for orientation.,"This is a VFR check point for manned aircraft, and a higher volume of air traffic should be expected there.",,,Airports & Airspace,Aeronautical Charts,Part 1 Test -Key DE,Operations,General operations
3,"(Refer to FAA-CT-8080-2H, Figure 20, area 3.) With ATC authorization, you are operating your small unmanned aircraft approximately 4 SM southeast of Elizabeth City Regional Airport (ECG). What hazard is indicated to be in that area?",B,High density military operations in the vicinity.,"Unmarked balloon on a cable up to 3,008 feet MSL.","Unmarked balloon on a cable up to 3,008 feet AGL.",,,Airports & Airspace,Aeronautical Charts,new 60 questions test prep,,
3,"(Refer to FAA-CT-8080-2H, Figure 20, area 4.) A small UA is being launched 2 NM northeast of the town of Hertford. What is the height of the highest obstacle?",C,399 feet MSL.,500 feet MSL.,500 feet AGL.,,,Airports & Airspace,Aeronautical Charts,"2nd Rnd Test Prep, new 60 questions test prep, Part 1 test key - DE, ",Operations,Airport operations and traffic patterns
3,"(Refer to FAA-CT-8080-2H, Figure 20, area 5.) How would a remote PIC ""CHECK NOTAMS"" as noted in the CAUTION box regarding the unmarked balloon?",B,By contacting the FAA district office.,By obtaining a briefing via an online source such as: 1800WXBrief.com.,By utilizing the B4UFLY mobile application.,,,Operations ,"ADM, Notams, Hazards","2nd Rnd Test Prep, Part 1 Test- Key- DE, new 60 questions test prep, ",Operations,General operations
3,"(Refer to FAA-CT-8080-2H, Figure 21, area 1.) After receiving authorization from ATC to operate a small UA near Minot International airport (MOT) while the control tower is operational, which radio communication frequency could be used to monitor manned aircraft and ATC communications?",C,UNICOM 122.95.,ASOS 118.725.,CT-118.2.,,,Operations ,Communications,"2nd rnd Practice test, Part 1 Test -Key DE,  additional Maps key",,
3,"(Refer to FAA-CT-8080-2H, Figure 21, area 2.) Which airport is located at approximately 47 degrees 41 minutes 00 seconds N latitude and 101 degrees 36 minutes 00 seconds W longitude?",A,Fischer.,Crooked Lake.,Johnson.,,,Airports & Airspace,"Overview, L & L",new 60 questions test prep,,
3,"(Refer to FAA-CT-8080-2H, Figure 21.) What airport is located approximately 47 (degrees) 40 (minutes) N latitude and 101 (degrees) 26 (minutes) W longitude?",B,Semshenko Airport.,Garrison Airport.,Mercer County Regional Airport.,,,Airports & Airspace,"Overview, L & L",Additional Airspace Maps - Key,,
3,"(Refer to FAA-CT-8080-2H, Figure 21.) You have been hired by a farmer to use your small UA to inspect his crops. The area that you are to survey is in the Devil's Lake West MOA, east of area 2. How would you find out if the MOA is active?",C,This information is available in the Small UAS database.,Refer to the Military Operations Directory.,Refer to the chart legend.,,,Airports & Airspace,"Airport Operations, MOA",2nd rnd practice test,Operations,Airport operations and traffic patterns
3,"(Refer to FAA-CT-8080-2H, Figure 22, area 2.) At Coeur D'Alene which frequency should be used as a Common Traffic Advisory Frequency (CTAF) to monitor airport traffic?",A,122.8 MHz.,135.075 MHz.,122.05 MHz.,,,Operations ,Radio Communications,2nd rnd practice test,Operations,Airport operations and traffic patterns
3,"(Refer to FAA-CT-8080-2H, Figure 22, area 2.) Weather information is available at the Coeur d'Alene (COE) Airport",B,over the VOR frequency 108.8.,from AWOS 3 135.075.,from UNICOM (CTAF) on 122.8.,,,Operations ,Radio Communications,"new 60 questions test prep, Part 1 test key - DE",Airspace Classification and Operating Requirements,Controlled vs uncontrolled airspace / ATC authorization
3,"(Refer to FAA-CT-8080-2H, Figure 23, area 3.) What is the floor of the Savannah Class C airspace at the shelf area (outer circle)?",A,"1,300 feet MSL.","1,700 feet MSL.","1,300 feet AGL.",,,Airports & Airspace,Airspace Classification and Operating Requirements,2nd rnd practice test,,
3,"(Refer to FAA-CT-8080-2H, Figure 23, area 4.) What is the required flight visibility for a remote pilot operating an unmanned aircraft near the Plantation Airport (JYL)?",C,5 statute miles.,1 statute mile.,3 statute miles.,,,Weather,,Part 1 Test -Key DE,,
3,"(Refer to FAA-CT-8080-2H, Figure 24, area 3, and Legend 1.) For information about the parachute operations at Tri-County Airport, refer to",B,notes on the border of the chart.,Chart Supplements U.S.,the Notices to Airmen (NOTAM) publication.,,,Airports & Airspace,Aeronautical Charts,"2nd Rnd Practice Test, Part 1 Test -Key DE",Weather and Weather Sources,TAF interpretation
3,"(Refer to FAA-CT-8080-2H, Figure 24, area 6.) What type of airport is Card Airport?",C,Public towered., Public non-towered.,Private non-towered.,,,Airports & Airspace,,2nd rnd practice test,,
3,"(Refer to FAA-CT-8080-2H, Figure 25, area 2.) What is the base of Class B airspace at Lakeview (30F) Airport?",A,3000,4000,1700,,,Airports & Airspace,"Airspace Classifications, ","new 60 questions test prep, 2nd rnd practice test",Operations,General operations
3,"(Refer to FAA-CT-8080-2H, Figure 25, area 3.) The floor of Class B airspace at Dallas Executive (RBD) is",B,at the surface.,"3,000 feet MSL.","3,100 feet MSL.",,,Airports & Airspace,"Airspace Classifications, ",2nd rnd practice test,Operations,General operations
3,"(Refer to FAA-CT-8080-2H, Figure 26, area 2.) While monitoring the Cooperstown CTAF you hear an aircraft announce that they are midfield left downwind to RWY 13. Where would the aircraft be relative to the runway?",B,The aircraft is West.,The aircraft is East.,The aircraft is South.,,,Airports & Airspace,"Airspace Classifications, ","Part 1 Test -Key DE, Additional Airspace Maps",,
3,"(Refer to FAA-CT-8080-2H, Figure 26, area 4.) You have been hired to inspect the tower under construction at 46.9N and 98.6W, near Jamestown Regional (JMS). What must you receive prior to flying your unmanned aircraft in this area?",C,Authorization from the National Park Service.,Authorization from the military.,Authorization from ATC.,,,Airports & Airspace,"Airspace Classifications, ","2nd rnd practice test, Additional Maps key",Operations,General operations
3,"(Refer to FAA-CT-8080-2H, Figure 26.) The Devils Lake East MOA (area 1) is a",C,meteorological observation area.,military observation area.,military operations area.,,,Airports & Airspace,"Airspace Classifications, MOA",new 60 questions test prep,Airspace Classification and Operating Requirements,Controlled vs uncontrolled airspace / ATC authorization
3,"(Refer to FAA-CT-8080-2H, Figure 26.) What does the line of latitude at area 4 measure?",C,The degrees of latitude east and west of the Prime Meridian.,"The degrees of latitude east and west of the line that passes through Greenwich, England.",The degrees of latitude north and south of the equator.,,,Airports & Airspace,"Overview, L & L",2nd rnd practice test,Airspace Classification and Operating Requirements,Controlled vs uncontrolled airspace / ATC authorization
3,"(Refer to FAA-CT-8080-2H, Figure 59, area 2.) The chart shows a gray line with VR1667, VR1617, VR1638, and VR1668. Could this area present a hazard to the operations of a small UA?",A,"Yes, this is a Military Training Route from the surface to 1,500 feet AGL.","No, all operations will be above 400 feet.","Yes, the defined route provides traffic separation to manned aircraft.",,,Airports & Airspace,"Airspace Classifications, MTR",2nd rnd practice test,Airspace Classification and Operating Requirements,Controlled vs uncontrolled airspace / ATC authorization
3,"(Refer to FAA-CT-8080-2H, Figure 75, area 6.) The airspace surrounding the Gila Bend AF AUX Airport (GBN) is classified as",C,Class B.,Class C.,Class D.,,,Airports & Airspace,"Airspace Classifications, ",new 60 questions test prep,,
3,"(Refer to FAA-CT-8080-2H, Figure 78. Near the center of the figure.) What class of airspace is associated with SIOUX GATEWAY/COL DAY (SUX) Airport?",C,Class B airspace.,Class C airspace.,Class D airspace.,,,Airports & Airspace,"Airspace Classifications, ",2nd rnd practice test,Operations,General operations
3,"(Refer to FAA-CT-8080-2H, Figure 78.) You have been contracted to inspect towers located approximately 4NM southwest of the Sioux Gateway (SUX) airport operating an unmanned aircraft. What is the maximum altitude above ground level (AGL) that you are authorized to operate over the top of the towers?",C,400 Feet AGL.,402 feet AGL.,802 feet AGL.,,,Airports & Airspace,Airspace Classifications & operating requirements,"2nd Rnd Test Prep, new 60 questions test prep, ",Regulations,Part 107 regulations and compliance
3,"(Refer to FAA-CT-8080-2H, Figure 78.) You have been hired to use your small UAS to inspect the railroad tracks from Blencoe (SE of Sioux City) to Onawa. Will ATC authorization be required?",B,"Yes, Onawa is in Class D airspace that is designated for an airport.","No, your entire flight is in Class G airspace.","Yes, you must contact the Onawa control tower to operate within 5 miles of the airport.",,,Airports & Airspace,"Airspace Classifications, ","2nd Rnd Test Prep, Part 1 Test -Key DE, Additional Airspace Maps",Airspace Classification and Operating Requirements,Controlled vs uncontrolled airspace / ATC authorization
3,"(Refer to Figure 25, Area 3) The floor of Class B airspace at Dallas Executive (RBD) is",A,At the surface,"3,000 feet MSL","3,100 feet MSL",,,Airports & Airspace,Controlled vs Non controlled Airspace,"Part 1 Test - Key DE, Additional Airspace Maps - Key",Airspace Classification and Operating Requirements,Controlled vs uncontrolled airspace / ATC authorization
3,A local TV station has hired a remote pilot to operate their small UA to cover news stories. The remote pilot has had multiple near misses with obstacles on the ground and two small UAS accidents. What would be a solution for the news station to improve their operating safety culture?,C,The news station does not need to make any changes; there are times that an accident is unavoidable.,The news station should implement a policy of no more than five crashes/incidents within 6 months.,The news station should recognize hazardous attitudes and situations and develop standard operating procedures that emphasize safety.,,,Operations ,ADM,"2nd Rnd Test Prep, new 60 questions test prep, ",Regulations,Part 107 regulations and compliance
3,A person may not use a Remote ID broadcast module that:,C,Relies solely on a software upgrade to existing hardware on the UA.,Is installed by anyone other than the UA manufacturer.,Fails the self-test when powered on.,,,Regulations,Remote ID,2nd rnd practice test,Regulations,Part 107 regulations and compliance
3,A person whose sole task is watching the sUAS to report hazards to the rest of the crew is called:,C,Person manipulating the controls.,Remote Pilot in Command.,Visual observer.,,,Operations ,"Crew management, emergency procedures","2nd Rnd Practice Test, Part 1 Test -Key DE",Operations,General operations
3,A person without a part 107 remote pilot certificate may operate an sUAS for non-recreational operations:,B,"Alone, if operating during daylight hours.",Under the direct supervision of a Remote Pilot in Command.,Only when visual observers participate in the operation.,,,Regulations,"Overview, Operating Rules",new 60 questions test prep,Airspace Classification and Operating Requirements,Controlled vs uncontrolled airspace / ATC authorization
3,A small unmanned aircraft without Remote ID that is equipped after production with a Remote ID broadcast module:,C,May not be operated in the National Airspace System (NAS).,May only operate at FAA-recognized identification areas (FRIAs).,Is limited to visual line of sight (VLOS) operations.,,,Regulations,Remote ID,"2nd Rnd Test Prep, Part 1 Test- Key- DE, new 60 questions test prep, ",Regulations,Part 107 regulations and compliance
3,A stall occurs when the smooth airflow over the unmanned airplane's wing is disrupted and the lift degenerates rapidly. This is caused when the wing,A,exceeds its critical angle of attack.,exceeds the maximum speed.,exceeds maximum allowable operating weight.,,,Loading & Performance,loading and performance,"2nd Rnd Practice Test, new 60 questions test prep,",Airspace Classification and Operating Requirements,Controlled vs uncontrolled airspace / ATC authorization
3,A sudden change in wind speed and direction is called what?,A,Wind shear.,Gust front.,Microburst.,,,weather,"effects on performance, wind",more drone prep questions,Operations,General operations
3,A TAF is for how many hours or what period of time?,C,12,24,24 or 30,,,Weather,"sources, TAF",more drone prep questions,Operations,General operations
3,A travel blogger follows her truck with an sUAS while a passenger serves as RPIC for a monetized video. Does this comply with Part 107?,A,Yes.,No.,It depends on the state.,,,Regulations,,more drone prep questions,Operations,
3,According to 14 CFR part 107 the remote pilot in command (PIC) of a small unmanned aircraft planning to operate within Class C airspace,C,is required to file a flight plan.,must use a visual observer.,is required to receive ATC authorization.,,,Airports & Airspace,"Airspace Classifications, ","Part 1 Test -Key DE, 2nd Rnd Test Prep ",Regulations,Part 107 regulations and compliance
3,"According to 14 CFR part 107, an sUAS is a unmanned aircraft system weighing:",A,Less than 55 lbs.,55 lbs.,55kg or less.,,,Regulations,Operating Rules,"2nd Rnd Test Prep, Part 1 Test -Key DE, ",Regulations,Part 107 regulations and compliance
3,"According to 14 CFR part 107, how may a Remote Pilot in Command (Remote PIC) operate an unmanned aircraft in controlled airspace (Class B, C, D, and E associated with an airport)?",B,The Remote PIC must monitor the Air Traffic Control (ATC) frequency from launch to recovery.,The Remote PIC must have prior authorization from Air Traffic Control (ATC).,The Remote PIC must contact the Air Traffic Control (ATC) facility after launching the unmanned aircraft.,,,Airports & Airspace,"Airspace Classifications, Operating Rules",new 60 questions test prep,Regulations,Part 107 regulations and compliance
3,"According to 14 CFR part 107, the responsibility to inspect the small UAS to ensure it is in a safe operating condition rests with the",A,Remote Pilot in Command.,visual observer.,owner of the sUAS.,,,Operations,"Crew Resource Management, Preflight Inspection",new 60 questions test prep,Regulations,Part 107 regulations and compliance
3,"According to 14 CFR Part 107, what is required to operate a small UA within 30 minutes after official sunset?",A,Use of anti-collision lights,Must be operated in a rural area,Use of a transponder,,,Regulations,Flying at Night,2nd rnd practice test,Aircraft Loading and Performance,"Weight, balance, and performance"
3,"According to 14 CFR part 107, what is required to operate a small unmanned aircraft in civil twilight or at night?",A,Use of lighted anti-collision lights.,Selection of a rural area for conducting the operation.,Use of a transponder.,,,Regulations,Flying over people and moving objects,"new 60 questions test prep, Part 1 test key - DE",Operations,Aeronautical decision-making and risk management
3,"According to 14 CFR part 107, what is the maximum groundspeed for a small UA?",A,87 knots.,87 mph.,100 knots.,,,Regulations,Operating Rules,"new 60 questions test prep, Part 1 test key - DE",Operations,General operations
3,"According to 14 CFR part 107, who is responsible for determining the performance of a small unmanned aircraft?",C,Owner or operator.,Manufacturer.,Remote pilot-in-command.,,,Loading & Performance,loading and performance,"2nd Rnd Test Prep, Part 1 Test -Key DE, ",Operations,General operations
3,"According to 14 CFR part 107, who is responsible for ensuring that all control links between the ground control station and the small unmanned aircraft are working properly?",B,Owner or operator.,Remote Pilot in Command.,Manufacturer.,,,Operations,Preflight Inspection,,,
3,"According to 14 CFR part 48, when must a person register a small UA with the Federal Aviation Administration?",B,When the small UA is used for any purpose other than as a model aircraft.,All civilian small UAs weighing greater than .55 pounds must be registered regardless of its intended use.,Only when the operator will be paid for commercial services.,,,Regulations,Applicability,Part 1 Test -Key DE,Regulations,Part 107 regulations and compliance
3,"According to 14 CFR part 48, when would a small UA owner not be permitted to register it?",C,If the owner does not have a valid United States driver's license.,All persons are eligible to register a small unmanned aircraft.,If the owner is less than 13 years of age.,,,Regulations,Regulations,new 60 questions test prep,Operations,General operations
3,"According to 14 CFR part 107, how may a remote pilot operate an unmanned aircraft in Class C airspace?",C,The remote pilot must monitor the Air Traffic Control (ATC) frequency from launch to recovery.,The remote pilot must contact the Air Traffic Control (ATC) facility after launching the unmanned aircraft.,The remote pilot must have prior authorization from the Air Traffic Control (ATC) facility having jurisdiction over that airspace,,,Airports & Airspace,"Airspace Classifications, ",Part 1 Test -Key DE,,
3,"After having dinner and wine, your client asks you to go outside to demonstrate the small UA's capabilities. You must",B,pass a self-administered sobriety test before operating a small UA.,not operate a small UA within 8 hours of consuming any alcoholic beverage.,ensure that your visual observer has not consumed any alcoholic beverage in the previous 12 hours.,,,Regulations,"Operating Rules, Alcohol",2nd rnd practice test,Weather and Weather Sources,General weather concepts
3,"After receiving a part 107 remote pilot certificate with an sUAS rating, how often must you satisfy recurrent training requirements?",B,Within 12 calendar months.,Within 6 calendar months.,Within 24 calendar months.,,,Regulations,Operating rules,"2nd Rnd Practice Test, Part 1 Test -Key DE,",Operations,General operations
3,"As landing an sUAS at night is particularly challenging, select a landing area:",C,That is as far from crewmembers as possible.,"Over water, sand, or other soft surface.",With sufficient lighting to allow a safe landing.,,,Operations ,"night operations, ADM","2nd Rnd Test Prep, Part 1 Test -Key DE, ",Operations,General operations
3,"As part of an overall safety risk assessment for flight, when should the Remote Pilot in Command check and consider weather conditions in the operating area?",A,Prior to and throughout the duration of every small UAS flight.,Only when planning an operation with unfamiliar small UAS equipment.,Never. Weather factors cannot influence small UAS performance.,,,Operations ,"Operational Rules, Preflight","2nd Rnd practice test, new 60 questions test prep, Part 1 test key - DE",Operations,General operations
3,"Before each flight, the Remote Pilot in Command must ensure that:",A,Objects carried on the sUAS are secure.,The site supervisor has approved the flight.,TSA has granted clearance.,,,Loading & Performance,loading and performance,"2nd Rnd Practice Test, Part 1 Test - Key - DE",Operations,General operations
3,Category 4 operations are limited to unmanned aircraft:,B,Operated beyond visual line-of-sight.,With FAA-issued airworthiness certificates.,Registered outside the United States.,,,Regulations,Flying over people and moving objects,"2nd Rnd practice test, new 60 questions test prep, Part 1 test key - DE",Operations,General operations
3,Damaged lithium batteries can cause,B,increased endurance.,an inflight fire.,a change in aircraft center of gravity.,,,Operations ,Maintenance & Inspection Procedures,new 60 questions test prep,Operations,General operations
3,"During a flight of your small UA, you observe a hot air balloon entering the area. You should",A,yield the right-of-way to the hot air balloon.,"ensure the UA passes below, above, or ahead of the balloon.",expect the hot air balloon to climb above your altitude.,,,Regulations,Operating Rules,tricky questions,,
3,"During an inspection flight, you notice that objects that are closer to the drone appear to be moving across your visual field faster than distant objects that are not moving as fast. What phenomenon are you observing?",B,Optical illusion unrelated to depth perception.,"Motion parallax, which helps judge relative distance.",Standard depth perception that is unaffected by movement.,,,Operations,Physiological factors,Part 1 Test -Key DE,Regulations,Part 107 regulations and compliance
3,"During night operations, compensate for the night blind spot by:",A,Looking 5° to 10° off-center of the sUAS.,Using bright ground lighting around the Remote PIC.,Focusing only on the control station display.,,,Operations ,"Physiological, ADM","2nd Rnd Test Prep, new 60 questions test prep,",Operations,General operations
3,"During your preflight inspection, you discover a small nick in the casing of your small UAS battery. What action should you take?",B,Use it as long as it will still hold a charge.,Follow the manufacturer's guidance.,Throw it away with your household trash.,,,Operations ,Operations and Procedures,"2nd Rnd Test Prep, new 60 questions test prep, Part 1 test key - DE, ",Operations,General operations
3,"For Category 1, 2, and 4 operations over people, sustained flight over open air assemblies are restricted to small unmanned aircraft that:",B,Are operated at FAA-recognized identification areas (FRIAs).,Meet part 89 Remote ID requirements.,Weigh more than 55 pounds.,,,Regulations,Flying over people and moving objects,new 60 questions test prep,Operations,Aeronautical decision-making and risk management
3,"For Category 2 operations over people, the small unmanned aircraft:",B,Must be equipped with a siren to alert persons who are not directly involved in the operation.,Must not contain any exposed rotating parts that could lacerate human skin.,May only be operated in a closed or restricted-access site.,,,Regulations,Flying over people and moving objects,"new 60 questions test prep, Part 1 test key - DE",Weather and Weather Sources,Density altitude & performance
3,"For Category 3 operations over people, the small unmanned aircraft must not cause injury equivalent to or greater than the impact of:",A,25 foot-pounds of kinetic energy.,5 foot-pounds of kinetic energy.,11 foot-pounds of kinetic energy.,,,Regulations,Flying over people and moving objects,Part 1 Test -Key DE,Operations,General operations
3,How does high humidity affect drone performance?,A,Reduce lift,Increase lift,No effect,,,Weather,"effects on performance, humidity",TAF Quiz- key,Weather and Weather Sources,General weather concepts
3,How does increasing the bank angle in a turn affect stall speed?,B,Stall speed decreases.,Stall speed increases.,Stall speed is unaffected.,,,Loading & Performance,loading and performance,more drone prep questions,Weather and Weather Sources,General weather concepts
3,Identify the hazardous attitude or characteristic a remote pilot displays while taking risks in order to impress others?,A,Macho.,Invulnerability.,Impulsivity.,,,Operations ,ADM,"2nd rnd practice test, new 60 questions test prep, Part 1 Test- Key -DE",Regulations,Part 107 regulations and compliance
3,"If the outside air temperature (OAT) at a given altitude is warmer than standard, the density altitude is",C,equal to pressure altitude.,lower than pressure altitude.,higher than pressure altitude.,,,Weather,"effects on performance, air density","new 60 questions test prep, 2nd Rnd Test Prep",Regulations,Part 107 regulations and compliance
3,"If the Remote PIC cannot determine the location of the sUAS in relation to other aircraft during night operations, when should he or she land the sUAS?",B,Within 10 minutes.,Immediately.,At the end of the planned operation.,,,Operations ,"ADM, Emergency procedures","new 60 questions test prep, Part 1 test key - DE",,
3,"In accordance with 14 CFR part 107, you may operate an sUAS from a moving vehicle when no property is carried for compensation or hire:",A,Over a sparsely populated area.,Over a parade or other social events.,Over suburban areas.,,,Regulations,Operating Rules,new 60 questions test prep,Airspace Classification and Operating Requirements,Controlled vs uncontrolled airspace / ATC authorization
3,Is it mandatory for sUAS operators to monitor CTAF at non-towered airports?,C,"Yes, always",Only during daylight hours,"No, but it is recommended",,,Operations,Radio Communications,Part 1 Test -Key DE,Operations,Airport operations and traffic patterns
3,Part 107 applies to which operations?,B,Civil and public small UAS operations.,Civil small UAS operations.,Public UAS operations.,,,Regulations,Operating Rules,more drone prep questions,Regulations,Part 107 regulations and compliance
3,Part 89 Remote Identification (Remote ID) requirements:,B,Only apply to unmanned aircraft that weigh less than 0.55 lbs.,Apply to all unmanned aircraft operating under part 107.,Do not apply to unmanned aircraft.,,,Regulations,Remote ID,"2nd Rnd Test Prep, Part 1 Test -Key DE, ",Operations,General operations
3,"Refer to FAA-CT-8080-2H, Figure 21, area 1.) After receiving authorization from ATC to operate a small UA near Minot International airport (MOT) while the control tower is operational, which radio communication frequency could be used to monitor manned aircraft and ATC communications?",C,UNICOM 122.95.,ASOS 118.725.,CT-118.2.,,,Operations ,Communications,"2nd rnd Practice test, Part 1 Test -Key DE,  additional Maps key",Regulations,Part 107 regulations and compliance
3,"Refer to FAA-CT-8080-2H, Figure 75 area 6. During preflight planning you plan to operate in R-2305, where would you find additional info regarding this airspace?",B,In the special Use Airspace of the chart.,,,,,Airports & Airspace,"airspace classifications, Restricted areas","new 60 questions test prep, Airports & Airspace Test - key",Airspace Classification and Operating Requirements,Controlled vs uncontrolled airspace / ATC authorization
3,"Refer to FAA-CT-8080-2H, figure 21 Area 1. At what altitude above the radio tower south of Minot Intl Airport may you fly?",C,700 ft MSL.,"2,579 ft AGL.",798 ft AGL.,,,Airports & Airspace,"Airspace Classifications, Operating Rules",more drone prep questions,Regulations,Part 107 regulations and compliance
3,"Refer to FAA-CT-8080-2H,  figure 22. While inspecting the obstacle located 3 miles northwest of Coeur D'Alene-Boyington Airport, what is the highest altitude AGL you can fly?",B,"2,429 feet AGL, the height of the obstacle.",400 feet above the ground.,400 feet above the top of the obstacle if you stay within 400 feet horizontally.,,,Airports & Airspace,"Airspace Classifications, sectional charts",more drone prep questions,Regulations,Part 107 regulations and compliance
3,"Safety is an important element for a remote pilot to consider prior to operating an unmanned aircraft system. To prevent the final ""link"" in the accident chain, a remote pilot must consider which methodology?",B,Safety Management System.,Risk Management.,Crew Resource Management.,,,Operations ,ADM,Part 1 Test -Key DE,Operations,Airport operations and traffic patterns
3,Scheduled maintenance should be performed in accordance with the:,C,Contractor requirements.,Stipulations in 14 CFR part 43.,Manufacturer’s recommendations.,,,Operations ,Maintenance & Inspection Procedures,"2nd Rnd Test Prep, Part 1 Test -Key DE, 60 questions test prep,",Operations,General operations
3,The FAA may approve your application for a waiver of provisions in part 107 only when it has been determined that the proposed operation:,C,Involves public aircraft or air carrier operations.,Will be conducted outside of the United States.,Can be safely conducted under the terms of that certificate of waiver.,,,Regulations,Waivers,"2nd Rnd Test Prep, new 60 questions test prep, Part 1 test key - DE, ",Aircraft Loading and Performance,"Weight, balance, and performance"
3,The most comprehensive source of airport information is,A,Chart Supplement U.S.,Aeronautical charts,Notices to Airmen (NOTAMs),,,Airports & Airspace,Airports data sources,"new 60 questions test prep, Airports & Airspace Test - key",Operations,General operations
3,The refusal of a remote PIC to submit to a blood alcohol test when requested by a law enforcement officer,A,is grounds for suspension or revocation of their remote pilot certificate.,can be delayed for a period up to 8 hours after the request.,has no consequences to the remote pilot certificate.,,,Regulations,"Operating Rules, Alcohol",,,
3,The U.S. Air Force is operating an atmospheric research sUAS over Texas oil fields. Must it comply with Part 107?,B,Yes.,No.,Only if carrying property for hire.,,,Regulations,Operational Rules,more drone prep questions,Operations,General operations
3,"To conduct Category 1 operations over people, the small unmanned aircraft:",A,"Must weigh 0.55 pounds or less, including everything that is on board or attached.",Must be listed in an FAA-approved Declaration of Compliance (DoC).,Must be labeled to indicate the eligible category.,,,Regulations,Flying over people and moving objects,2nd rnd practice test,Operations,General operations
3,"To ensure that the unmanned aircraft center of gravity (CG) limits are not exceeded, follow the aircraft loading instructions specified in the",A,Pilot's Operating Handbook or UAS Flight Manual.,Aeronautical Information Manual (AIM).,Aircraft Weight and Balance Handbook.,,,Loading & Performance,loading and performance,new 60 questions test prep,Operations,General operations
3,"To keep the small unmanned aircraft in the intended area and within visual line-of-sight (VLOS) during night operations, the Remote Pilot in Command:",B,May rely solely on anti-collision lights.,Should reduce operational ranges.,Is required to designate two visual observers.,,,Operations ,"Night Flying, ADM","new 60 questions test prep, Part 1 test key - DE",Operations,General operations
3,Under what condition should the Remote Pilot in Command of a small unmanned aircraft develop his or her own scheduled maintenance protocol?,C,Small unmanned aircraft systems do not require maintenance.,"When the FAA requires you to, following an accident.",When the manufacturer does not provide a maintenance schedule.,,,Operations ,"Operations, Maintenance & Inspection Procedures",,Operations,General operations
3,Under what condition would a small UA not have to be registered before it is operated in the United States?,A,"When the aircraft weighs less than .55 pounds on takeoff, including everything that is on-board or attached to the aircraft.","When the aircraft has a takeoff weight that is more than .55 pounds, but less than 55 pounds, not including fuel and necessary attachments.","All small UAS need to be registered regardless of the weight of the aircraft before, during, or after the flight.",,,Regulations,Operations,2nd rnd practice test,Operations,General operations
3,Unmanned aircraft means an aircraft operated:,C,Autonomously by onboard computers.,During search and rescue operations other than public.,Without the possibility of direct human intervention from within or on the aircraft.,,,Regulations,"Regulations, Operational Rules, Autonomous","new 60 questions test prep, Part 1 test key - DE",,
3,"Upon request by the FAA, the remote pilot-in-command must provide",B,a logbook documenting small UA landing currency.,a remote pilot certificate with a small UAS rating.,any employer issued photo identification.,,,Regulations,"Regulations, Operational Rules",Part 1 Test -Key DE,Operations,General operations
3,What actions should the operator of an sUAS do if the manufacturer does not provide information about scheduled maintenance?,B,The operator should contact the FAA for a minimum equipment list.,The operator should establish a scheduled maintenance protocol.,The operator should contact the NTSB for component failure rates for their specific sUAS.,,,Operations ,Maintenance & Inspection Procedures,"Part 1 Test -Key DE, 2nd Rnd Test Prep",Operations,General operations
3,What antidotal phrase can help reverse the hazardous attitude of impulsivity?,C,Do it quickly to get it over with.,It could happen to me.,"Not so fast, think first.",,,Operations ,ADM,2nd rnd practice test,Weather and Weather Sources,Density altitude & performance
3,"What are characteristics of a moist, unstable air mass?",A,Turbulence and showery precipitation.,Poor visibility and smooth air.,Haze and smoke.,,,Weather,"effects on performance, atmosheric stability","new 60 questions test prep, 2nd rnd practice test",,
3,What are the characteristics of stable air?,B,Poor visibility and intermittent precipitation,Poor visibility and steady precipitation,Good visibility and steady precipitation,,,Weather,"effects on performance, atmosheric stability",new 60 questions test prep,Weather and Weather Sources,General weather concepts
3,What cloud type signals thunderstorms and severe turbulence?,C,Stratus.,Cirrus.,Cumulonimbus.,,,weather,"effects on performance, thunderstorms",more drone prep questions,Weather and Weather Sources,General weather concepts
3,What conditions are necessary for the formation of thunderstorms?,B,"High humidity, high Temperatures and cumulus clouds","High humidity, lifting force and unstable conditions","Lifting force, moist air and extensive cloud cover",,,Weather,"effects on performance, thunderstorms",more drone prep questions,Weather and Weather Sources,Density altitude & performance
3,What distinguishes a towered airport from a non-towered airport?,C,It has a longer runway,It is only used by commercial aircraft,It has an operating control tower,,,Operations,,Part 1 Test -Key DE,Operations,Airport operations and traffic patterns
3,What effect does high density altitude have on the efficiency of a UA propeller?,B,Propeller efficiency is increased.,Propeller efficiency is decreased.,Density altitude does not affect propeller efficiency.,,,weather,"effects on performance, atmosheric stability","2nd rnd Practice test, Part 1 Test -Key DE",Operations,General operations
3,What frequency is used at non-towered airports for pilots to announce their intentions?,B,ATIS,CTAF,UNICOM,,,Operations,Radio Communications,Part 1 Test -Key DE,Weather and Weather Sources,TAF interpretation
3,What happens when using off-center viewing at night?,A,Objects may fade or disappear if viewed longer than a few seconds.,Peripheral vision becomes less effective requiring direct fixation.,Depth perception improves compared to daytime flying.,,,Operations,Physiological factors,more drone prep questions,Airspace Classification and Operating Requirements,Controlled vs uncontrolled airspace / ATC authorization
3,What is a temperature inversion?,A,Cold air trapped near the surface under warmer air,Warm air trapped near the surface under cooler air,A rapid drop in temperature with altitude,,,Weather,"effects on performance, temp inversion",,Weather and Weather Sources,Density altitude & performance
3,What is the effect of humidity on air density?,B,Increased humidity increases air density.,Increased humidity decreases air density.,Humidity has no effect on air density.,,,Weather,"effects on performance, air density",,Operations,General operations
3,"What is the relationship of lift, drag, thrust, and weight when the airplane is in straight-and-level flight?",A,Lift equals weight and thrust equals drag.,"Lift, drag, and weight equal thrust.",Lift and weight equal thrust and drag.,,,Loading & Performance,loading and performance,new 60 questions test prep,Operations,General operations
3,"What must a person, who is manipulating the controls of a small unmanned aircraft, do if the standard remote identification fails during a flight?",A,Land the aircraft as soon as practicable,Notify the nearest FAA Air Traffic facility,Activate the aircraft's navigation lights,,,Regulations,Remote ID,new 60 questions test prep,Operations,General operations
3,What precautions should a remote PIC do to prevent possible inflight emergencies when using lithium-based batteries?,B,Store the batteries in a freezer to allow proper recharging.,Follow the manufacturer's recommendations for safe battery handling.,Allow the battery to charge until it reaches a minimum temperature of 100 degrees C.,,,Operations ,"Operations, Maintenance and Procedures",2nd rnd practice test,Operations,General operations
3,What type of front often brings thunderstorms and gusty winds?,C,Stationary front,Warm front,Cold Front,,,Weather,"effects on performance, humidity",,Weather and Weather Sources,Fog formation
3,What type of report provides real-time weather observations?,B,TAF.,METAR.,SIGMET.,,,weather,"Sources, Metar",more drone prep questions,Weather and Weather Sources,General weather concepts
3,What would decrease the stability of an air mass?,B,Cooling from below,Warming from below,Decrease in water Vapor,,,Weather,"effects on performance, atmosheric stability",more drone prep questions,Weather and Weather Sources,Cloud types and hazards
3,"When a control tower located on an airport within Class D airspace ceases operation for the day, what happens to the airspace designation?",A,The airspace reverts to Class E or a combination of Class E and G airspace.,The airspace stays Class D as long as there’s a weather observer or automated weather system.,The airspace normally won’t change.,,,Airports & Airspace,Airport Classificatons,more drone prep questions,Operations,General operations
3,When a remote pilot-in-command and a visual observer define their roles and responsibilities prior to and during the operation of a small UA is a good use of,A,Crew Resource Management.,Authoritarian Resource Management.,Single Pilot Resource Management.,,,Operations ,CRM,"2nd Rnd Test Prep, new 60 questions test prep,  ",Operations,General operations
3,"When adapting crew resource management (CRM) concepts to the operation of a small UA, CRM must be integrated into",A,all phases of the operation.,the communications only.,the flight portion only.,,,Operations ,"ADM, CRM",new 60 questions test prep,Aircraft Loading and Performance,"Weight, balance, and performance"
3,"When conducting operations during civil twilight or at night, the small unmanned aircraft must be equipped with anti-collision lights that are capable of being visible for at least:",C,1 statute mile (sm) from the control station.,5 statute miles (sm) from the control station.,3 statute miles (sm) from the control station.,,,Regulations,"Operating Rules, Twilight",new 60 questions test prep,Operations,General operations
3,When does a Remote Pilot in Command operating at night have the discretion to reduce the intensity of the anti-collision lighting?,C,Only at the start of a night operation.,Never.,In the interest of operational safety.,,,Regulations,Flying at Night,new 60 questions test prep,Regulations,Part 107 regulations and compliance
3,"When loading cameras or other equipment on a small UAS, mount the items in a manner that",C,can be easily removed without the use of tools.,is visible to the visual observer or other crewmembers.,does not adversely affect the center of gravity.,,,Loading & Performance,loading and performance,2nd rnd practice test,Operations,General operations
3,"When operating an unmanned airplane, the remote pilot should consider that the load factor on the wings may be increased any time",A,the airplane is subjected to maneuvers other than straight-and-level flight.,the gross weight is reduced.,the CG is shifted rearward to the aft CG limit.,,,Loading & Performance,loading and performance,,,
3,"When preparing for a night flight, what should an sUAS pilot be aware of after assembling and conducting a preflight of an aircraft while using a bright flashlight or work light?",B,"Once adapted to darkness, a person's eyes are relatively immune to bright lights",It takes approximately 30 minutes for a person's eyes to fully adapt to darkness,The person should use a flashlight equipped with LED lights to facilitate their night vision,,,Operations ,"Night operations, ADM",2nd rnd practice test,Aircraft Loading and Performance,"Weight, balance, and performance"
3,"When requesting a waiver, the required documents should be presented to the FAA at least how many calendar days prior to the planned operation?",A,90 days.,10 days.,30 days.,,,Regulations,Waivers,"new 60 questions test prep, Part 1 test key - DE",Operations,General operations
3,"When using a small unmanned aircraft in a non-recreational operation, who is responsible for informing the participants about emergency procedures?",C,The lead visual observer.,The FAA Inspector-in-Charge.,The Remote Pilot in Command.,,,Operations ,"Crew management, emergency procedures",2nd rnd practice test,Operations,General operations
3,Where must a small unmanned aircraft's serial number be listed when using either standard remote identification or a broadcast module?,C,The aircraft's Document of Compliance,The manufacturer's Method of Compliance,The Certificate of Aircraft Registration,,,Regulations,,,,
3,Which airspace types require authorization before flying under Part 107?,A,"Class B, C, D, and Class E surface areas.","Class B, C, and D only.",Class E above 700 ft and Class G.,,,Airports & Airspace,Airport Classificatons,more drone prep questions,Weather and Weather Sources,Cloud types and hazards
3,Which best describes a declaration of compliance?,C,A document issued by the FAA stating an aircraft is airworthy.,A document approved by the FAA that details testing methods for Remote ID or OOP.,A document submitted to the FAA stating that a drone complies with Remote ID or OOP.,,,Regulations,"Waivers, DOC",more drone prep questions,Operations,General operations
3,Which combination of atmospheric conditions will reduce aircraft takeoff and climb performance?,C,"Low temperature, low relative humidity, and low density altitude.","High temperature, low relative humidity, and low density altitude.","High temperature, high relative humidity, and high density altitude.",,,weather,"effects on performance, atmosheric stability",Part 1 Test -Key DE,Airspace Classification and Operating Requirements,Controlled vs uncontrolled airspace / ATC authorization
3,Which is NOT prohibited when operating under Part 107?,A,Operating after taking a prescription medication that does not impair judgment.,Operating with a BAC of 0.04% or greater.,Operating within 8 hours of alcohol consumption.,,,Regulations,"Operational Rules,Medication",more drone prep questions,Weather and Weather Sources,General weather concepts
3,Which is true regarding the presence of alcohol within the human body?,B,Consuming an equal amount of water will increase the destruction of alcohol and alleviate a hangover.,Judgment and decision-making abilities can be adversely affected by even small amounts of alcohol.,A small amount of alcohol increases vision acuity.,,,Regulations,"Operational Rules, Alcohol","2nd Rnd Practice Test, Part 1 Test -Key DE, new 60 questions test prep",Regulations,Part 107 regulations and compliance
3,Which of the following operations require adherence to 14 CFR 107?,C,Operations conducted outside the United States.,Flying a sUAS for enjoyment with family and friends.,Operating an sUAS for compensation.,,,Regulations,Applicability,Part 1 Test -Key DE,Operations,General operations
3,Which of the following statements is TRUE about small unmanned aircraft registration with the FAA before operation in the National Airspace System (NAS)?,B,Small unmanned aircraft do not require registration.,All small unmanned aircraft operating under part 107 must be registered.,Only unmanned aircraft that weigh 55 pounds or more must be registered.,,,Regulations,Overview,"2nd Rnd Test Prep, new 60 questions test prep, Part 1 test key - DE, ",Weather and Weather Sources,General weather concepts
3,Which of the following statements is TRUE about small unmanned aircraft registration with the FAA before operation in the National Airspace System (NAS)?,B,Small unmanned aircraft do not require registration.,All small unmanned aircraft operating under part 107 must be registered.,Only unmanned aircraft that weigh 55 pounds or more must be registered.,,,Regulations,Overview,"2nd Rnd Test Prep, new 60 questions test prep, Part 1 test key - DE, ",Weather and Weather Sources,General weather concepts
3,Which of the following statements is TRUE about small unmanned aircraft registration with the FAA before operation in the National Airspace System (NAS)?,B,Small unmanned aircraft do not require registration.,All small unmanned aircraft operating under part 107 must be registered.,Only unmanned aircraft that weigh 55 pounds or more must be registered.,,,Regulations,Overview,"2nd Rnd Test Prep, new 60 questions test prep, Part 1 test key - DE, ",Weather and Weather Sources,General weather concepts
3,Which of the following types of operations are excluded from the requirements in part 107?,C,Quadcopter capturing aerial imagery for crop monitoring.,UAS used for motion picture filming.,Recreational use of sUAS for the operator's enjoyment.,,,Regulations,Applicability,"2nd Rnd Practice Test, Part 1 Test - Key - DE",Operations,General operations
3,Which statement about visual observers under Part 107 is true?,B,A VO relieves the RPIC from maintaining visual line of sight.,A VO enhances situational awareness but RPIC must still maintain VLOS.,A VO may extend range beyond RPIC visual line of sight.,,,Operations,Crew Resource Management,more drone prep questions,Airspace Classification and Operating Requirements,Controlled vs uncontrolled airspace / ATC authorization
3,Which technique should a remote pilot use to scan for traffic? A remote pilot should,C,concentrate on relative movement detected in the peripheral vision area.,continuously scan the sky from right to left.,systematically focus on different segments of the sky for short intervals.,,,Operations ,ADM,"new 60 questions test prep, Part 1 test key - DE",,
3,Which tool provides an aviation-specific forecast?,B,METAR.,TAF.,PIREP.,,,weather,"Sources, TAF",more drone prep questions,Weather and Weather Sources,Cloud types and hazards
3,Which weather condition is most hazardous for drones?,C,Fog.,Crosswinds.,Thunderstorms.,,,weather,"effects on performance, thunderstorms",more drone prep questions,Weather and Weather Sources,General weather concepts
3,Which weather reports provide real-time observations?,A,METAR,TAF,SIGMET,,,Weather,"Sources, Metar",more drone prep questions,Weather and Weather Sources,General weather concepts
3,"While conducting an aerial survey of a Class D airport, ATC instructs you to remain clear of all runways. How do you identify when you are clear?",C,By following the solid yellow taxi stripe.,By being on the dashed-line side of the hold short markings.,By being on the side of the hold short markings with two solid yellow lines.,,,Airports & Airspace,"Airspace Classifications, Operating Rules",more drone prep questions,Regulations,Part 107 regulations and compliance
3,"While operating a small unmanned aircraft system (sUAS), you experience a flyaway and several people suffer injuries. Which of the following injuries requires reporting to the FAA?",A,An injury requiring hospitalization.,Scrapes and cuts bandaged on site.,Minor bruises.,,,Regulations,Operating Rules,,,
3,"While operating around buildings, the Remote Pilot in Command should be aware of the creation of wind gusts that",C,enhance stability and imagery.,increase performance of the aircraft.,change rapidly in direction and speed causing turbulence.,,,Weather,"effects on performance, wind",Part 1 Test -Key DE,Operations,General operations
3,"While operating your small UA, it accidentally strikes your crewmember in the head causing him to lose consciousness. When should this accident be reported?",C,No accidents need to be reported.,When requested by the UA owner.,Within 10 days of the accident.,,,Regulations,"Operational Rules, Accident",new 60 questions test prep,Operations,Aeronautical decision-making and risk management
3,Why is frost considered hazardous to flight?,C,"Frost changes the basic aerodynamic shape of the airfoils, thereby increasing lift.","Frost slows the airflow over the airfoils, thereby increasing control effectiveness.","Frost spoils the smooth flow of air over the wings, thereby decreasing lifting capability.",,,weather,Frost,new 60 questions test prep,Weather and Weather Sources,General weather concepts
3,Within how many calendar days must a small UAS accident be reported to the FAA?,A,10 days.,90 days.,30 days.,,,Regulations,,,,
3,"You are a remote pilot for a co-op energy service provider. You are to use your UA to inspect power lines in a remote area 15 hours away from your home office. After the drive, fatigue impacts your abilities to complete your assignment on time. Fatigue can be recognized",A,as being in an impaired state.,easily by an experienced pilot.,by an ability to overcome sleep deprivation.,,,Operations,ADM,new 60 questions test prep,Operations,General operations
3,"You have been hired as a Remote Pilot in Command by a local TV news station to film breaking news with a small unmanned aircraft. You expressed a safety concern and the station manager has instructed you to ""hurry up and get it done."" What type of hazardous attitude does this attitude represent?",A,Impulsivity.,Machoism.,Invulnerability.,,,Operations ,ADM,"new 60 questions test prep, Part 1 test key - DE",Operations,Airport operations and traffic patterns
3,You have received an outlook briefing from flight service through 1800wxbrief.com. The briefing indicates you can expect a low-level temperature inversion with high relative humidity. What weather conditions would you expect?,C,"Light wind shear, poor visibility, haze, and light rain.","Turbulent air, poor visibility, fog, low stratus type clouds, and showery precipitation.","Smooth air, poor visibility, fog, haze, or low clouds.",,,weather,Temperature Inversion,"Part 1 Test -Key DE, new 60 questions test prep, 2nd Rnd Test Prep",Operations,General operations
3,You plan to release golf balls from your small UA at an altitude of 100 feet AGL. You must ensure the objects being dropped will,A,not create an undue hazard to persons or property.,land within 10 feet of the expected landing zone.,not cause property damage in excess of $300.,,,Regulations,Operational Rules,"2nd Rnd Test Prep, new 60 questions test prep",Operations,General operations
3,You’re flying near mountains and there are lenticular clouds. What kind of weather should you expect?,C,Snow showers.,Smooth air.,High winds and turbulence.,,,Weather,"effects on performance, obstructions, clouds",more drone prep questions,Operations,General operations
3,You're flying a mission and you need to hand over the controls to another certified remote pilot. What must occur?,B,Nothing. Control can be transferred freely.,A clear transfer of control must be established.,The drone must land first.,,,Operations,Crew Resource Management,Part 1 Test -Key DE,Operations,General operations
3,You're flying near an aircraft broadcasting ADS-B Out signals. What is required of your drone?,B,Your drone must also broadcast ADS-B Out.,You must avoid interference with ADS-B signals.,You must land immediately.,,,Operations,,Part 1 Test -Key DE,Operations,General operations
3,You're planning to fly a fixed-wing unmanned aircraft from a high mountain plateau on a hot summer day. What should you consider?,C,Propeller efficiency decreases but wing lift increases.,Propeller efficiency increases and wings generate more lift.,Propeller efficiency decreases and wings generate less lift.,,,Weather,"effects on performance, mountain",more drone prep questions,Operations,General operations
,,,,,,,,,,,,
1,The two types of clouds that unmanned aircraft operators should be concerned about are:,C,Standing lenticular and stratocumulus,Nimbostratus and cumulonimbus,Cumulonimbus and standing lenticular,,,Weather,"effects on performance, clouds",Weather Part 2 MC- Key,Weather and Weather Sources,General weather concepts
2,"(Refer to FAA-CT-8080-2H, Figure 22, South of Area 1) You have been hired to inspect the railroad near Cocolalla. Do you need ATC approval?",A,"Yes, it is in Class E Airspace from the surface","No, it is Class G Airspace","No, it is in Class E Airspace from 700 feet",,,Airports & Airspace,Controlled vs Non controlled Airspace,Additional Airspace Maps - Key,Airspace Classification and Operating Requirements,Controlled vs uncontrolled airspace / ATC authorization
1,"(Refer to FAA-CT-8080-2H, figure 24, Northeast of area 1) What is the ceiling of Class D Airspace surrounding Majors (GVT) airport?",A,"3,000 feet MSL","3,000 feet AGL","1,200 feet AGL",,,Airports & Airspace,Class D,Additional Airspace Maps - Key,Airspace Classification and Operating Requirements,Controlled vs uncontrolled airspace / ATC authorization
2,What happens to the stalling speed of an aircraft as the load factor increases?,C,The stalling speed decreases.,The stalling speed remains constant.,The stalling speed increases.,,,Loading & Performance,loading and performance,Additional topics mc1- key,Operations,Aeronautical decision-making and risk management
1,What is the primary concern for an RPIC when loading a payload onto an aircraft?,B,Ensuring the payload is securely attached.,Verifying the weight and balance of the aircraft.,Confirming the payload does not exceed the aircraft's maximum takeoff weight.,,,Loading & Performance,loading and performance,Additional topics mc1- key,Aircraft Loading and Performance,"Weight, balance, and performance"
2,What is the primary factor that determines the load factor experienced by an aircraft during a turn?,A,The aircraft's weight and the angle of the turn.,The aircraft's speed and the altitude.,The aircraft's engine power and the wind conditions.,,,Loading & Performance,loading and performance,Additional topics mc1- key,Operations,Airport operations and traffic patterns
1,What is the relationship between the load factor and the stalling speed of an aircraft?,C,The stalling speed decreases as the load factor increases.,The stalling speed remains constant regardless of the load factor.,The stalling speed increases as the load factor increases.,,,Loading & Performance,loading and performance,Additional topics mc1- key,Operations,Airport operations and traffic patterns
2,"With a low-level temperature inversion with high relative humidity, what weather conditions would you expect?",A,"Smooth air, poor visibility, fog, haze, or low clouds","Turbulent air, poor visibility, fog, low stratus type clouds, and showery precipitation","Light wind shear, poor visibility, haze, and light rain",,,Weather,"effects on performance, humidity",Additional topics mc1- key,Weather and Weather Sources,General weather concepts
2,"Before flying in a military operations area, an sUAS operator should do what to find out if it is active?",B,Call your local military base,Refer to the sectional chart legend,Call the nearest FAA office,,,Airports & Airspace,"airspace classifications, MOA",Airports & Airspace Test - key,Operations,General operations
2,How often are sectional charts covering the continental U.S. updated?,C,Monthly,Quarterly,Semi-annually,,,Airports & Airspace,Aeronautical Charts,Airports & Airspace Test - key,Operations,General operations
2,"Refer to FAA-CT-8080-2H, Figure 75 area 6. During preflight planning you plan to operate in R-2305, where would you find additional info regarding this airspace?",B,In the special Use Airspace of the chart.,,,,,Airports & Airspace,"airspace classifications, Restricted areas",Airports & Airspace Test - key,Airspace Classification and Operating Requirements,Controlled vs uncontrolled airspace / ATC authorization
1,Which of the following is not a source of airport data?,C,Chart Supplement U.S.,Aeronautical charts,Airport newsletter,,,Airports & Airspace, Airports data sources,Airports & Airspace Test - key,Operations,Airport operations and traffic patterns
2,"When near a non-towered airport, an sUAS operator should monitor what frequency?",C,CT,ATIS,CTAF,,,Operations ,Radio Communications Procedures,Airports & Airspace Test - key,Operations,Airport operations and traffic patterns
2,An aircraft announces they are on the short final of a RWY 36. Where is the aircraft in relation to the airport?,A,South,West,North,,,Airports & Airspace,general,airspace Patterns Ws key chat,Weather and Weather Sources,TAF interpretation
2,"(Refer to FAA-CT-8080-2G, Figure 23) What’s the lower altitude limit of Class E airspace at Statesboro Bulloch County Airport (TBR)?",A,887 ft. MSL,700 ft. MSL,"1,200 ft. MSL",,,Airports & Airspace,Controlled vs Non controlled Airspace,Extra 2 Questions,Regulations,Part 107 regulations and compliance
2,A stable air mass is most likely to have which characteristic,C,Showery precipitation,Turbulent Air,Poor surface visibility,,,Weather,"effects on performance, atmosheric stability",,Operations,General operations
2,How far in advance should waiver applications be submitted?,A,90 days,30 days,60 days,,,Regulations,Waivers,Regulations test - key 27 questions,Operations,General operations
2,"Under Part 107, which of the following is permitted when transporting property for compensation or hire?",C,Flying across state lines,Flying over open-air assemblies,Conducting operations wholly within a single state,,,Regulations,"Operational Rules, Transportation of property",Regulations test - key 27 questions,Regulations,Part 107 regulations and compliance
2,What is the maximum allowable groundspeed for sUAS?,A,87 knots,100 knots,,87 mph,,Regulations,Operational Rules,Regulations test - key 27 questions,Operations,General operations
1,"(Refer to Figure 15,  FAA-CT-8080-2H) According to the TAF, what type of weather is expected from 1220Z to 1222Z?",A,Thunderstorms with rain and overcast conditions,Snow showers with overcast conditions,Light rain with scattered clouds,,,Weather,"sources, TAF",TAF Quiz- key,,
2,"(Refer to figure 15,  FAA-CT-8080-2H)  What does ""BECMG 0522/0524 20013G20KT"" indicate?",A,A gradual change occurring between 0522Z and 0524Z.,A temporary change lasting between 0522Z and 0524Z.,A wind shift to 220° at 20 knots occurring at 0522Z.,,"""BECMG"" signifies a gradual change expected during the specified time period.",Weather,"sources, TAF",TAF2 and KEY,,
2,"(Refer to figure 15,  FAA-CT-8080-2H)  What does ""P6SM SCT040"" mean in the forecast starting at 0608Z?",B,"Visibility less than 6 statute miles with scattered clouds at 4,000 feet.","Visibility greater than 6 statute miles with scattered clouds at 4,000 feet.","No significant weather with overcast skies at 4,000 feet.",,"""P6SM"" means visibility is greater than 6 statute miles, and ""SCT040"" indicates scattered clouds at 4,000 feet.",Weather,"sources, TAF",TAF2 and KEY,,
1,"During a survey flight, you realize that your drone is flying over a crowd of people or bystanders for a few seconds. What is your immediate responsibility?",B,Continue with the flight briefly since the exposure is minimal.,Move the drone immediately to a safe location away from the crowd.,Slowly descend over the crowd.,,,Regulations,Operational rules,tricky questions,Weather and Weather Sources,Cloud types and hazards
1,"While conducting a drone inspection near an industrial facility, you observe a smoke stack flume that is rapidly rising, breaking apart, and swirling in multiple directions shortly after exiting the stack. What type of condition is most likely present?",B,Stable air with calm wind conditions.,Unstable air with possible turbulence.,No wind condition or smooth flow.,,,weather,effects on Performance,tricky questions,Operations,General operations
1,"While flying your aerial survey, you notice a TFR over a stadium due to a major sporting event and your flight path intersects it. What must you do?",B,Fly under the TFR if you remain below 400 ft.,Avoid the TFR completely.,Request permission after takeoff.,,,Airports & Airspace,"Airspace Classifications, Operating Rules",tricky questions,Operations,Airport operations and traffic patterns
2,You are conducting an inspection of a communication tower that rises 550 ft AGL. You fly directly next to it and climb to 750 ft AGL within 200 ft horizontally. Is this operation compliant with Part 107?,B,"No, because a drone may never exceed 450 ft AGL.","Yes, because you are within 400 ft of the structure and allowed to exceed 400 ft AGL.","No, because you must stay below the height of the structure.",,,Regulations,Operational Rules,tricky questions,Airspace Classification and Operating Requirements,Controlled vs uncontrolled airspace / ATC authorization
2,You are currently at 350 ft AGL. The clouds appear to be at 500 ft AGL. Visibility is good. What must you do to comply with Part 107 rules?,B,Continue flight since you are below the clouds.,Maintain at least 500 ft below the clouds even if descending is required.,Maintain 500 ft horizontal distance from clouds only.,,,Regulations,Operational Rules,tricky questions,Airspace Classification and Operating Requirements,Controlled vs uncontrolled airspace / ATC authorization
1,You are monitoring your drone exclusively through the onboard camera feed. Is this compliant with Part 107?,B,"Yes, the screen can replace direct visual line of sight.","No, visual line of sight must be maintained unaided.","Yes, if a visual observer is present.",,,Regulations,Operational Rules,tricky questions,Airspace Classification and Operating Requirements,Controlled vs uncontrolled airspace / ATC authorization
1,You are using a drone that does not have built-in Remote ID capabilities. What must you do to comply with regulations?,B,Nothing. Built-in Remote ID is optional.,Attach an FAA-compliant broadcast module before flight.,File for a waiver each time you fly.,,,Regulations,Remote ID,tricky questions,Regulations,Part 107 regulations and compliance
1,"You have been under persistent work-related stress for several months, which is starting to affect your focus during drone operations. What type of stress is this?",B,Acute stress.,Chronic stress.,Temporary fatigue.,,,Operations,Physiological factors,tricky questions,Regulations,Part 107 regulations and compliance
2,You want to fly a drone near a regional airport where the sectional chart shows Class E airspace starting at the surface at 300 ft AGL. What is required?,A,Authorization from ATC prior to flight.,Nothing. You can fly freely in Class E airspace at 300 ft AGL.,A waiver only if flying at night.,,,Airports & Airspace,Airspace Classifications,tricky questions,Weather and Weather Sources,Cloud types and hazards
1,You're conducting a night flight with a visual observer (VO). Which of the following is required for a safe operation?,C,The VO may maintain visual line of sight with the drone using binoculars.,The VO may monitor the drone only on screen if they cannot see it directly.,The VO must maintain unaided visual line of sight with the drone at all times.,,,Regulations,Flying at Night,tricky questions,Operations,General operations
1,You're flying your drone near an airport and you notice a manned aircraft approaching your area at a lower altitude than expected. What should you do?,B,Maintain altitude and continue your mission.,Descend immediately and yield the right of way.,Increase altitude to avoid the conflict.,,,Regulations,Operational Rules,tricky questions,Operations,General operations
1,You're planning a flight in a rural area. The sectional chart shows Class G airspace at the surface. What must you do before flying?,B,Request ATC authorization.,Nothing. Authorization is not required.,File a flight plan.,,,Airports & Airspace,Airspace Classifications,tricky questions,Airspace Classification and Operating Requirements,Controlled vs uncontrolled airspace / ATC authorization
2,"A remote pilot plans to operate a small UAS from a high-elevation airport on a hot, humid afternoon. What should the pilot expect?",C,Improved aircraft performance due to warm air,No change in performance since humidity has little effect,Reduced aircraft performance due to high density altitude,Increased lift due to moist air,,weather,"effects on performance, air density alt, pressure",Weather density pressure - key,Operations,General operations
2,An increase in atmospheric pressure will result in:,A,Increased air density and increased performance,Decreased air density and decreased performance,Increased humidity and decreased lift,Decreased temperature and increased drag,,weather,"effects on performance, air density alt, pressure",Weather density pressure - key,Weather and Weather Sources,Density altitude & performance
2,"An increase in humidity, with all other factors constant, will cause density altitude to:",C,Decrease,Remain unchanged,Increase,Equal pressure altitude,,weather,"effects on performance, air density alt, pressure",Weather density pressure - key,Operations,Aeronautical decision-making and risk management
2,"As density altitude increases, what happens to UAS performance?",C,Performance increases,Performance remains the same,Performance decreases,Only endurance is affected,,weather,"effects on performance, Density Altititude",Weather density pressure - key,Weather and Weather Sources,Density altitude & performance
2,"As humidity increases, air density decreases.",A,True,False,,,,Weather,"effects on performance, humidity",Weather density pressure - key,Weather and Weather Sources,Cloud types and hazards
2,"If the actual temperature is higher than standard at a given airport, what is the effect on density altitude?",C,Density altitude decreases,Density altitude remains unchanged,Density altitude increases,Density altitude equals pressure altitude,,weather,"effets on performance, air density alt, pressure",Weather density pressure - key,Weather and Weather Sources,General weather concepts
2,What happens to air pressure and air density as altitude increases?,C,Pressure increases and density increases,Pressure increases and density decreases,Pressure decreases and density decreases,Pressure decreases and density increases,,weather,"effects on performance, density altitude",Weather density pressure - key,,
2,What is the standard sea-level atmospheric pressure according to the ISA?,B,30.00 inHg or 1015 mb,29.92 inHg or 1013.2 mb,28.92 inHg or 1000 mb,31.00 inHg or 1020 mb,,weather,effects on performance,Weather density pressure - key,,
2,What is the standard temperature at sea level?,A,15°C or 59°F,29.92°C,1013.2°F,,,Weather,"effects on performance, standard temp",Weather density pressure - key,Operations,General operations
2,Which condition generally results in the best aircraft performance?,D,Low air density,"Warm, humid air",Thin air at high altitude,High air density,,weather,effects on performance,Weather density pressure - key,Weather and Weather Sources,Density altitude & performance
2,The leeward side of a mountain or obstacle is:,A,The downwind side,The side the wind contacts first,The side you are standing on,,,Weather,"effects on performance, mountain",Weather MC Test - Key ,Weather and Weather Sources,General weather concepts
1,"When flying near natural or man-made obstructions, an unmanned aircraft operator can expect:",C,Turbulence,Changes in wind direction & wind speed,All the above,,,Weather,"effects on performance, obstructions",Weather MC Test - Key ,Operations,General operations
1,What environment is most conductive to front formulation?,B,"Surface temperature is below freezing, air temperature is below freezing","Dewpoint of surface is below freezing, dewpoint is above freezing","Surface temperature is above freezing, air temperature is below freezing",,,Weather,"effects on performance, front",,Weather and Weather Sources,Density altitude & performance
2,What is the effect of a high-density altitude on aircraft performance?,C,It increases aircraft performance.,It has no effect on aircraft performance.,It decreases aircraft performance.,,,Weather,"effects on performance, high density altititude",,Operations,General operations
,,,,,,,,,,,,
1,Why is it unsafe to fly an unmanned aircraft at or near its maximum takeoff weight?,B,It increases GPS error,It reduces available safety margins once airborne,It causes battery malfunction,It increases propeller RPM too much,,Loading & Performance,loading and performance,loading and performance WS Key,,
1,"For commercial off‑the‑shelf aircraft with fixed, manufacturer‑approved payloads, which loading action is typically not required prior to flight?",B,Verifying payload security,Verifying balance position,Checking center of gravity,Checking manufacturer‑approved payload positioning,,Loading & Performance,loading and performance,loading and performance WS Key,,
2,Which of the following reduces air density and therefore reduces maximum takeoff weight?,C,Cold temperatures,Low humidity,High elevation,Low altitude,,Loading & Performance,loading and performance,loading and performance WS Key,,
1,Which two components are the primary considerations for aircraft balance?,B,Lift and drag,Center of gravity and center of pressure,Propeller thrust and battery voltage,Attitude and heading,,Loading & Performance,loading and performance,loading and performance WS Key,,
,,,,,,,,,,,,
1,Where must a small unmanned aircraft’s serial number be listed when using either standard remote identification or a broadcast module?,C,The aircraft’s Document of Compliance.,The manufacturer’s Method of Compliance.,The Certificate of Aircraft Registration.,,,Regulations,Registration,My new questions May9,,
1,What does the IMSAFE checklist help an RPIC to assess before a flight?,B,The weather conditions at the flight location.,The pilot's physical and mental readiness for the job.,The aircraft's maintenance and safety records.,,,Operations,IMSAFE,My new questions May9,,
2,What is the purpose of Crew Resource Management (CRM) in aeronautical decision-making?,B,To ensure that all team members have the necessary technical skills.,To develop training for flight crews that focuses on using all available resources effectively.,To minimize the costs associated with flight operations.,,,Operations,Crew Resource Mangement,My new questions May9,,
2,What is the first step in dealing with hazardous attitudes?,B,Ignoring the attitude and hoping it goes away.,Recognizing when you're having a hazardous thought.,Acting on the attitude without thinking.,,,Operations,ADM,My new questions May9,,
2,What does ADM provide to pilots as they handle different situations?,B,A fixed set of rules that must be followed without deviation.,A continuous process that gives pilots feedback.,A way to avoid all risks associated with flying.,,,Operations,ADM,My new questions May9,,
1,"What does the acronym 'PAVE' stand for, and how does it relate to risk management?",B,"Pilot, Aircraft, Velocity, Environment.","Pilot-in-Command, Aircraft, Environment, External Pressures.","Planning, Assessment, Verification, Execution.",,,Operations,Pave,My new questions May9,,
1,Which two components are the primary considerations for aircraft balance?,B,Lift and drag.,Center of gravity and center of pressure.,Propeller thrust and battery voltage.,,,Loading & Performance,loading and performance,My new questions May9,,
2,What is the primary function of a UNICOM station at a non-towered airport?,B,To provide air traffic control services to aircraft.,To offer weather forecasts and airport information to pilots.,To coordinate emergency responses.,,,Operations,Radio Communications,My new questions May9,,
2,What is the primary purpose of the Common Traffic Advisory Frequency (CTAF) in aviation?,C,To provide air traffic control services to aircraft.,To coordinate emergency responses.,To facilitate communication and coordination between aircraft and ground personnel at non-towered airports.,,,Operations,Radio Communications,My new questions May9,,
2,What is the primary function of a MULTICOM frequency in aviation?,C,To provide air traffic control services to aircraft.,To coordinate emergency responses.,To facilitate communication and coordination between aircraft and ground personnel at non-towered airports without a UNICOM frequency.,,,Operations,Radio Communications,My new questions May9,,
1,What is the recommended action for an unmanned aircraft operator flying near a non-towered airport that does not have a UNICOM frequency?,B,Contact the nearest towered airport for clearance.,Use the MULTICOM frequency for communication and coordination.,Avoid flying near the airport altogether.,,,Operations,Radio Communications,My new questions May9,,
1,What is the primary reason why unmanned aircraft operators should be familiar with airport traffic patterns when monitoring radio traffic?,B,To avoid flying in restricted airspace.,To understand the flow of aircraft around the airport and anticipate potential conflicts.,To determine the best time to land or take off.,,,Operations,Radio Communications,My new questions May9,,
,,,,,,,,,,,,
2,What are the two types of clouds that pose hazards to unmanned aircraft operators?,A,Cumulonimbus and lenticular altocumulus,Stratus and cirrus,Cumulus and nimbus,Altostratus and cumulus,,Weather,Effects on Performance clouds,Weather Part 2 MC - Key,Weather and Weather Sources,General weather concepts
2,What is the main difference between a surface-based temperature inversion and a frontal inversion?,C,"A surface-based inversion occurs during the day, while a frontal inversion occurs at night.","A surface-based inversion is caused by warm air spreading over cold air, while a frontal inversion is caused by cold air spreading over warm air.","A surface-based inversion is caused by the cooling of the ground at night, while a frontal inversion is caused by the interaction of different air masses.",There is no significant difference between the two types of inversions.,,Weather,Temp inversions,Weather Part 2 MC - Key,Operations,General operations
1,How does icing affect an unmanned aircraft's ability to fly?,C,"Icing increases the aircraft's lift and reduces drag, making it easier to fly.",Icing has no impact on an unmanned aircraft's ability to fly.,"Icing adds weight, reduces lift, and increases drag, making it harder to fly.",Icing only affects the aircraft's appearance and does not affect its performance.,,Weather,icing,Weather Part 2 MC - Key,Weather and Weather Sources,Cloud types and hazards
2,What is the recommended action for an unmanned aircraft operator if they see stratified clouds during a preflight visual assessment?,B,"Suspend operations immediately, as stratified clouds indicate unstable air.","Continue flying as usual, as stratified clouds indicate stable air.",Increase altitude to avoid the stratified clouds.,Fly through the stratified clouds quickly to minimize exposure.,,Weather,clouds,Weather Part 2 MC - Key,Operations,General operations
1,What is the minimum visibility requirement for unmanned flight operations from the ground control station?,C,1 statute mile,2 statute miles,3 statute miles,5 statute miles,,Weather,visiabilty,Weather Part 2 MC - Key,Operations,General operations
2,What is the main difference between a cumulus stage and a mature stage of a thunderstorm?,B,"The cumulus stage is characterized by heavy rain, while the mature stage is characterized by clear skies.","The cumulus stage is characterized by strong updrafts, while the mature stage is characterized by strong downdrafts.","The cumulus stage is the most dangerous stage for unmanned aircraft operations, while the mature stage is the least dangerous.",There is no significant difference between the two stages.,,Weather,thunderstorm stages,Weather Part 2 MC - Key,Weather and Weather Sources,Cloud types and hazards
1,What is the main difference between a cumulus cloud and a cumulonimbus cloud?,A,"Cumulus clouds are small and fluffy, while cumulonimbus clouds are large and dark.","Cumulus clouds are associated with thunderstorms, while cumulonimbus clouds are associated with calm weather.","Cumulus clouds are formed by cold air sinking, while cumulonimbus clouds are formed by warm air rising.",There is no significant difference between the two types of clouds.,,Weather,clouds,Weather Part 2 MC - Key,Operations,General operations
,,,,,,,,,,,,
1,"While operating around buildings, the Remote Pilot in Command should be aware of the creation of wind gusts that",C,enhance stability and imagery.,increase performance of the aircraft.,change rapidly in direction and speed causing turbulence.,,,Weather,wind,Remaining Weather questions for James,Aircraft Loading and Performance,"Weight, balance, and performance"
,,,,,,,,,,,,
1,"Refer to FAA-CT-8080-2H, Figure 80, Montrose Regional starts at what altitude?",A,The surface,700 ft AGL,700 ft MSL,,,Airports & Airspace,Class E,Additional extra extra maps,,
1,"Refer to FAA-CT-8080-2H, figure 80, Outside dashed magenta lines near Roubideau (Pvt) airport what airspace is from surface up to 700 ft AGL?",B,Class E,Class G,Class D,,,Airports & Airspace,Class E,Additional extra extra maps,,
1,"(Refer to FAA-CT-8080-2H, Figure 69 ,South of Area 5 & North East of Areaa 3) Do you need authorization in the area within the dashed magenta lines that are intersecting Class C ?",A,No ATC authorization required (Class E3),Yes ATC authorization required in E3,Yes it is Class C,,,Airports & Airspace,Class C,Additional extra extra maps,,
2,"(Refer to FAA-CT-8080-2H, Figure 69, South of Area 1) Do you need authorization inside dashed magenta lines that are intersecting the blue dashed lines by Corpus Christi?",C,Yes it is Class E,Yes it is Class D,No ATC authorization needed class E,,,Airports & Airspace,Class E,Additional extra extra maps,,
2,"(Refer to FAA-CT-8080-2H, Figure 69, South of Area 1) Do you need authorization inside blue dashed lines at Corpus Christi?",B,Yes it is Class E,Yes it is Class D,No ATC authorization needed (Class E4),,,Airports & Airspace,Class D,Additional extra extra maps,,
2,"(Refer to FAA-CT-8080-2H, Figure 23 South of Area 4) What is the lower altitude limit of Class E at Statesboro Bulloch County Airport?",A,887 ft MSL,700 ft MSL,1200 ft MSL,,,Airports & Airspace,Class E,Additional extra extra maps,,
2,What methodology prevents final link in accident chain?,C,Crew Resource Management,Safety Management System,Risk Management,,,Operations,Risk Management,Additional extra extra maps,,
,,,,,,,,,,,,
1,Which operation is NOT subject to Part 107?,B,Civil sUAS flights for compensation,Recreational flights conducted under 49 USC 44809,Commercial photography flights,,,Regulations,Applicability,,Operations,General operations
1,Nonrecreational drones must be registered under which regulation?,C,Part 91,Part 107 only,Part 47 or Part 48,,,Regulations,Aircraft Registration,,Operations,General operations
2,Anticollision lights used for night operations must be visible for at least:,B,1 statute mile,3 statute miles,5 statute miles,,,Regulations,Night Operations,,Operations,General operations
,,,,,,,,,,,,
,REGULATIONS END OF EACH SECTION Questions,,,,,,,,,,,
,Part 107 primarily governs which type of sUAS operations?,B,Recreational flights only,Nonrecreational and commercial sUAS operations,Military drone operations,,,Regulations,Applicability,,Operations,General operations
,Which operation originally required a waiver under early Part 107 rules?,B,Daytime flight in Class G airspace,Night operations and flight over people,Operations under 400 feet AGL,,,Regulations,Remote ID ,,Operations,General operations
,What credential is required to fly under Part 107 without special exemptions?,B,Airworthiness certificate,Remote Pilot Certificate,Private pilot license,,,Regulations,Applicability,,Operations,General operations
,Which operation is NOT subject to Part 107?,B,Civil sUAS flights for compensation,Recreational flights conducted under 49 USC 44809,Commercial photography flights,,,Regulations,Applicability,,Operations,General operations
,Which role has final authority and responsibility for a Part 107 operation?,C,Visual Observer,Person manipulating the controls,Remote Pilot in Command,,,Regulations,RPIC,,Regulations,Part 107 regulations and compliance
,"Under Part 107, who is ultimately responsible for the safety of the flight?",C,The VO,The aircraft manufacturer,The RPIC,,,Regulations,RPIC,,Operations,General operations
,Which action is required before each flight under Part 107?,B,Submitting a flight plan to ATC,Conducting a preflight inspection,Obtaining a waiver,,,Regulations,RPIC,,Operations,General operations
,The person manipulating the flight controls must be:,B,The RPIC at all times,Under direct supervision if not certified,A certificated flight instructor,,,Regulations,Person Manipulating Controls,,Operations,General operations
,Which statement about Visual Observers is correct?,C,VOs are mandatory for all flights,VOs must hold a Remote Pilot Certificate,VOs are optional but recommended depending on mission complexity,,,Regulations,Visual Observer,,Regulations,Part 107 regulations and compliance
,Which factor must the RPIC assess before flight?,B,Pilot salary,"Weather, airspace, and crew readiness",FAA processing time,,,Regulations,PreFlight Familiarization & Airport Operations,,Regulations,Part 107 regulations and compliance
,"If a sUAS goes out of VLOS for more than 15 seconds, the RPIC should:",B,Continue the mission,Initiate a failsafe return-to-home,Contact ATC,,,Regulations,Flight Crew Management & Communication,,Operations,General operations
,Nonrecreational drones must be registered under which regulation?,C,Part 91,Part 107 only,Part 47 or Part 48,,,Regulations,Applicability,,Operations,General operations
,"Upon request, the RPIC must present which document?",B,Aircraft maintenance manual,Remote Pilot Certificate and photo ID,Manufacturer warranty,,,Regulations,Registration Inspection & Falsification,,Operations,General operations
,When must a sUAS accident be reported to the FAA?,C,Any damage occurs,Injury requiring first aid,Serious injury or property damage over $500,,,Regulations,Accident Reporting & Hazardous ,,Operations,General operations
,"During an inflight emergency, the RPIC may:",B,Ignore FAA rules permanently,Deviate from regulations to address the emergency,Transfer authority to ATC,,,Regulations,Accident Reporting & Hazardous ,,Regulations,Part 107 regulations and compliance
,Which action is considered reckless under Part 107?,B,Flying in rural Class G airspace,Dropping an object without hazard mitigation,Flying below 100 feet AGL,,,Regulations,Accident Reporting & Hazardous ,,Operations,General operations
,A medical certificate is required to fly under Part 107:,C,Always,Only for night operations,"Not required, but self-assessment is necessary",,,Regulations,Medical Condition,,Operations,General operations
,You may operate a sUAS from a moving land vehicle when:,B,Flying over a city,In sparsely populated areas and not carrying property for hire,Flying from an aircraft,,,Regulations,Operation drom Moving Vehicles & Transportation of Property,,Airspace Classification and Operating Requirements,Controlled vs uncontrolled airspace / ATC authorization
,What blood alcohol concentration (BAC) level disqualifies participation in a sUAS operation?,B,0.02%,0.04%,0.08%,,,Regulations,Medical Conditions Drugs and Alcohol,,Regulations,Part 107 regulations and compliance
,Anticollision lights used for night operations must be visible for at least:,B,1 statute mile,3 statute miles,5 statute miles,,,Regulations,Night Eligibility Civil Twilight & Lighting,,Operations,General operations
,Visual Line of Sight requires the UA to be seen:,B,With binoculars,Unaided except corrective lenses,Only on the controller display,,,Regulations,Night Flight Hazards & Mitigation,,Regulations,Part 107 regulations and compliance
,How many sUAS may a person operate at one time under Part 107?,A,One,Two,Three,,,Regulations,VLOS & Multiple Aircraft,,Regulations,Part 107 regulations and compliance
,You may fly over a person who is:,A,Under a covered structure,Standing outdoors,Walking on a sidewalk,,,Regulations,Operations Over People General ,,Regulations,Part 107 regulations and compliance
,"During autonomous flight, who is responsible for the operation?",C,The manufacturer,The flight software,The RPIC,,,Regulations,Autonomous Flight,,Regulations,Part 107 regulations and compliance
,"Operations in Class B, C, D, or surface Class E airspace require:",B,A waiver,Prior authorization,ATC radio contact,,,Regulations,PreFlight Familiarization & Airport Operations,,Operations,General operations
,What is the maximum allowable altitude under Part 107?,B,400 feet MSL,400 feet AGL,500 feet AGL,,,Regulations,Operating Limitations,,Operations,General operations
,Minimum flight visibility required is:,B,1 statute mile,3 statute miles,5 statute miles,,,Regulations,Operating Limitations,,Operations,General operations
,A Part 107 waiver allows an operator to:,B,Ignore FAA rules,Deviate from specific rules if safety is demonstrated,Operate internationally,,,Regulations,Waivers,,Regulations,Part 107 regulations and compliance
,Waiver applications should be submitted at least how many days in advance?,C,30 days,45 days,90 days,,,Regulations,Slide 83 – Waiver Timing,,Regulations,Part 107 regulations and compliance
,The purpose of Remote ID is to:,B,Enable autonomous flight,Identify drones operating in the NAS,Replace registration,,,Regulations, Remote ID,,Operations,General operations
,Which is NOT a Remote ID compliance method?,C,Standard Remote ID,Broadcast Module,ADSB Out,,,Regulations,FRIA & Alternatives,,Operations,General operations
,FAA-Recognized Identification Areas (FRIAs) allow operations:,B,Without registration,Without Remote ID,Without VLOS,,,Regulations,FRIA & Alternatives,,Operations,General operations
,Category 1 operations over people require the UA to:,B,Weigh under 55 lb,Weigh 0.55 lb or less and have no exposed rotating parts,Have an airworthiness certificate,,,Regulations,Category 1 & 2,,Operations,Airport operations and traffic patterns
,Which category requires an Airworthiness Certificate under Part 21?,C,Category 1,Category 2,Category 4,,,Regulations,Category 3 & 4,,Operations,General operations
,Night operations without a waiver require:,B,ATC coordination,Updated training and anticollision lighting,A VO,,,Regulations,Night Eligibility Civil Twilight & Lighting,,Operations,Aeronautical decision-making and risk management
,,,,,,,,,,,,
,Regulations END OF UNIT QUIZ/TEST,,,,,,,,,,,
,How far in advance should waiver applications be submitted?,A,90 days,30 days,60 days,,,Regulations,Waivers,Regulations test - key 27 questions,Operations,General operations
,"Under Part 107, which of the following is permitted when transporting property for compensation or hire?",C,Flying across state lines,Flying over open-air assemblies,Conducting operations wholly within a single state,,,Regulations,"Operational Rules, Transportation of property",Regulations test - key 27 questions,Regulations,Part 107 regulations and compliance
,"Under Part 107, who holds final authority over the operation of the sUAS?",C,Visual Observer,Person manipulating the flight controls,Remote Pilot in Command,,,Regulations,Roles,Regulations test - key 27 questions,Regulations,Part 107 regulations and compliance
,What is the maximum allowable altitude for sUAS flight under Part 107?,B,400 feet MSL,400 feet AGL,500 feet AGL,,,Regulations,Operational Rules,Regulations test - key 27 questions,Operations,General operations
,What is the maximum allowable groundspeed for sUAS?,A,87 knots,100 knots,,87 mph,,Regulations,Operational Rules,Regulations test - key 27 questions,Operations,General operations
,What is the minimum distance a drone must maintain from clouds?,B,100 feet below,500 feet below and 2000 feet horizontally,1000 feet above,,,Regulations,Operational Rules,Regulations test - key 27 questions,Operations,General operations
,What is the minimum visibility required from the control station?,B,1 statute mile,3 statute miles,5 statute miles,,,Weather,Operating Rules,Regulations test - key 27 questions,Weather and Weather Sources,Cloud types and hazards
,What is the purpose of Remote ID?,C,To enable autonomous flight,To allow drone delivery,To identify UA in the NAS,,,Regulations,Remote ID,Regulations test - key 27 questions,Operations,General operations
,What must a Remote ID UA do before takeoff?,B,Upload flight plan,Pass a self-test,Connect to ATC,,,Regulations,Remote ID,Regulations test - key 27 questions,Weather and Weather Sources,General weather concepts
,What must be done before each flight?,B,Submit a flight plan to FAA,Conduct a preflight inspection,Register the drone again,,,Operations ,Preflight Inspection,Regulations test - key 27 questions,Regulations,Part 107 regulations and compliance
,What must be made available upon request by law enforcement during an sUAS operation?,B,Flight logs only,Remote Pilot Certificate and identification,FAA waiver documentation only,,,Regulations,Operations,Regulations test - key 27 questions,Operations,General operations
,What must be reported to the FAA within 10 calendar days?,C,Any flight,Weather delays,Serious injury or property damage over $500,,,Regulations,"Operational Rules, Accident",Regulations test - key 27 questions,Regulations,Part 107 regulations and compliance
,Which category of UA may operate over people without a waiver if it weighs less than 0.55 lbs and has no exposed rotating parts?,A,Category 1,Category 2,Category 3,,,Regulations,Flying over people and moving objects,Regulations test - key 27 questions,Operations,General operations
,Which category requires an airworthiness certificate under Part 21?,D,Category 1,Category 2,Category 3,Category 4,,Regulations,Flying over people and moving objects,Regulations test - key 27 questions,Regulations,Part 107 regulations and compliance
,Which of the following is a recommended mitigation strategy for night illusions during sUAS operations?,C,Flying above 400 feet AGL,Looking directly at bright lights,Scanning off-center by 5–10 degrees,,,Operations ,Physiology,Regulations test - key 27 questions,Regulations,Part 107 regulations and compliance
,Which of the following is a required action for the RPIC before flight?,B,Submit a flight plan to ATC,Conduct a preflight inspection of aircraft and control station systems,Obtain a waiver for VLOS operations,,,Regulations,Operational Rules,Regulations test - key 27 questions,Regulations,Part 107 regulations and compliance
,Which of the following is a requirement for Category 2 UA operations over people?,C,UA must weigh less than 0.55 lbs,UA must have exposed rotating parts,UA must not exceed 11 foot-pounds of kinetic energy upon impact,,,Regulations,Flying over people and moving objects,Regulations test - key 27 questions,Regulations,Part 107 regulations and compliance
,Which of the following is prohibited during sUAS operations under Part 107?,B,Operating from a moving land vehicle in a sparsely populated area,Operating from a moving aircraft,Operating from a stationary watercraft,,,Regulations,"Operational Rules, Transportation of property",Regulations test - key 27 questions,Airspace Classification and Operating Requirements,Controlled vs uncontrolled airspace / ATC authorization
,Which of the following is prohibited without prior authorization?,B,Flying in Class G airspace,Flying in Class B airspace,Flying over private property,,,Regulations,Operational Rules,Regulations test - key 27 questions,Operations,General operations
,Which of the following is true about FAA-Recognized Identification Areas (FRIAs)?,B,Only commercial operators may apply,They allow flight without Remote ID,They are valid for 12 months,,,Regulations,Remote ID,Regulations test - key 27 questions,Weather and Weather Sources,General weather concepts
,Which of the following is true for Category 3 UA operations over people?,C,UA may maintain sustained flight over open-air assemblies,UA must be operated only in uncontrolled airspace,UA may operate over people only in restricted-access sites with notice,,,Regulations,Flying over people and moving objects,Regulations test - key 27 questions,Operations,General operations
,Which of the following operations can be waived?,A,Flying over people,Flying from a moving aircraft,Flying without Remote ID,,,Regulations,Waivers,Regulations test - key 27 questions,Operations,General operations
,Which of the following operations is explicitly excluded from Part 107 applicability?,B,Civil sUAS operations under 55 lbs,Model aircraft flown for recreation under Part 101,Public safety drone operations under Part 107,,,Regulations,Applicability,Regulations test - key 27 questions,Operations,General operations
,Which of the following statements about Visual Observers (VOs) is correct?,C,VOs are mandatory for all Part 107 operations,VOs must hold a Remote Pilot Certificate,VOs are optional but recommended depending on flight complexity,,,Regulations,Roles,Regulations test - key 27 questions,Regulations,Part 107 regulations and compliance
,Which of the following substances or conditions would disqualify a person from participating in sUAS operations under Part 107?,C,Blood alcohol concentration of 0.40%,Use of prescription glasses,Blood alcohol concentration of 0.04%,,,Regulations,"Operational Rules, impaired",Regulations test - key 27 questions,Regulations,Part 107 regulations and compliance
,Which of the following would be considered a careless or reckless operation under Part 107?,B,Flying with a VO in Class G airspace,Dropping objects from a UA without hazard mitigation,Flying below 100 feet AGL in rural areas,,,Regulations,Operational Rules,Regulations test - key 27 questions,Regulations,Part 107 regulations and compliance
,Which regulation governs the registration of small unmanned aircraft?,C,Part 91,Part 107,Part 47 or Part 48,,,Regulations,Operations,Regulations test - key 27 questions,Operations,General operations
,,,,,,,,,,,,
,2 Aiports end of section questions ,,,,,,,,,,,
,What is the primary purpose of the National Airspace System (NAS)?,B,To increase airline profits,To protect people and property,To reduce fuel consumption,,,Airports & airspace,Intro To Airports,Airports & airspace Slides 1-30 - key- chat,Operations,General operations
,What are the two main purposes of the Air Traffic Control (ATC) system?,B,Reduce fuel costs and increase speed,Prevent collisions and organize traffic,Promote tourism and reduce delays,,,Airports & airspace,Intro To Airports,Airports & airspace Slides 1-30 - key- chat,Operations,General operations
,What makes integrating sUAS into the NAS complex?,C,Lack of funding,Too few users,Many moving pieces and risks,,,Airports & airspace,Intro To Airports,Airports & airspace Slides 1-30 - key- chat,Operations,General operations
,Which method is universally used in aviation to locate points on Earth?,C,Street addresses,GPS only,Latitude and Longitude,,,Airports & airspace,L& L,Airports & airspace Slides 1-30 - key- chat,Airspace Classification and Operating Requirements,Controlled vs uncontrolled airspace / ATC authorization
,Lines of latitude run,B,From North Pole to South Pole,Parallel to the equator,From East to West,,,Airports & airspace,L& L,Airports & airspace Slides 1-30 - key- chat,Operations,Airport operations and traffic patterns
,Lines of longitude start at,C,Equator,North Pole,Prime Meridian,,,Airports & airspace,L& L,Airports & airspace Slides 1-30 - key- chat,Operations,Airport operations and traffic patterns
,The continental U.S. lies between which degrees of latitude?,B,10° and 30°,25° and 49°,50° and 70°,,,Airports & airspace,L& L,Airports & airspace Slides 1-30 - key- chat,Operations,Airport operations and traffic patterns
,How many minutes are in each degree of latitude or longitude?,A,60,30,90,,,Airports & airspace,L& L,Airports & airspace Slides 1-30 - key- chat,Operations,General operations
,Which of the following is NOT an airport ownership classification?,C,Civil or Private,Military/government,Commercial,,,Airports & airspace,Intro To Airports,Airports & airspace Slides 1-30 - key- chat,Operations,General operations
,,,,,,,,,,,,
,What should sUAS operators be aware of when operating within 5 miles of an airport?,B,Weather only,"Ownership, aircraft type, and control specifics",Runway length,,,Airports & airspace,Airport Data,Airports & airspace Slides 1-30 - key- chat,Operations,General operations
,Which source contains the most comprehensive airport information?,C,NOTAMs,Aeronautical Charts,Chart Supplement U.S.,,,Airports & airspace,Airport Data,Airports & airspace Slides 1-30 - key- chat,Operations,General operations
,Which of the following is included in the Chart Supplement U.S.?,A,CTAF frequency,Airline schedules,Pilot salaries,,,Airports & airspace,Airport Data,Airports & airspace Slides 1-30 - key- chat,Operations,General operations
,What is the purpose of NOTAMs?,B,Provide weather updates,Share temporary aeronautical information,Publish flight schedules,,,Airports & airspace,Notam,Airports & airspace Slides 1-30 - key- chat,Operations,General operations
,Where can NOTAMs be found?,B,FAA mobile app only,Online websites like pilotweb.nas.faa.gov,Airport bulletin boards,,,Airports & airspace,Notam,Airports & airspace Slides 1-30 - key- chat,Operations,General operations
,What does ATIS provide?,C,Flight schedules,Pilot salaries,Weather and runway info,,,Airports & airspace,ATIS,Airports & airspace Slides 1-30 - key- chat,Regulations,Part 107 regulations and compliance
,How often is ATIS information updated?,C,Daily,Weekly,Hourly or as needed,,,Airports & airspace,ATIS,Airports & airspace Slides 1-30 - key- chat,Regulations,Part 107 regulations and compliance
,What are the two types of aeronautical charts relevant to sUAS operators?,B,Road and terrain charts,Sectional and terminal area charts,Weather and traffic charts,,,Airports & airspace,Sectional Charts,Airports & airspace Slides 1-30 - key- chat,Regulations,Part 107 regulations and compliance
,Convert 46.75° to degrees and minutes.,A,46° 45',46° 75',47°,,,Airports & airspace,L& L,Airports & airspace Slides 1-30 - key- chat,Regulations,Part 107 regulations and compliance
,Convert 98.2° to degrees and minutes.,A,98° 12',98° 20',98° 22',,,Airports & airspace,L& L,Airports & airspace Slides 1-30 - key- chat,Regulations,Part 107 regulations and compliance
,What is the primary purpose of aeronautical charts?,B,To display airline schedules,To plan and conduct flight operations,To show weather forecasts,,,Airports & airspace,Aeronautical Charts,Airports and Airspace questions slides 32-62 -key,Operations,General operations
,Which chart type covers the entire U.S. and is revised semi-annually?,B,Terminal Area Chart,Sectional Chart,IFR Enroute Chart,,,Airports & airspace,Sectional & Terminal Charts,Airports and Airspace questions slides 32-62 -key,Operations,General operations
,What is the scale of a sectional chart?,B,"1:250,000","1:500,000","1:1,000,000",,,Airports & airspace,Sectional & Terminal Charts,Airports and Airspace questions slides 32-62 -key,Airspace Classification and Operating Requirements,Controlled vs uncontrolled airspace / ATC authorization
,Terminal Area Charts are designed to show more detail around which type of airports?,C,Private airports,Military airports,Busiest airports,,,Airports & airspace,Terminal Charts,Airports and Airspace questions slides 32-62 -key,Regulations,Part 107 regulations and compliance
,What is the scale of a Terminal Area Chart?,A,"1:250,000","1:500,000","1:750,000",,,Airports & airspace,Terminal Charts,Airports and Airspace questions slides 32-62 -key,Operations,General operations
,What should sUAS operators use to interpret chart symbols during planning?,B,FAA drone app,Chart User’s Guide,Airport directory,,,Airports & airspace,Aeronautical Charts,Airports and Airspace questions slides 32-62 -key,Weather and Weather Sources,TAF interpretation
,Which tab in the Chart User’s Guide includes airspace and airport information?,A,VFR Sectional & TAC,IFR Planning,Obstacle Clearance,,,Airports & airspace,Aeronautical Charts,Airports and Airspace questions slides 32-62 -key,Operations,Airport operations and traffic patterns
,What is the benefit of being familiar with chart symbols before the Part 107 test?,B,You can skip questions,The test will be easier,You won’t need the legend,,,Airports & airspace,Aeronautical Charts,Airports and Airspace questions slides 32-62 -key,Operations,Airport operations and traffic patterns
,What symbol on a sectional chart represents a VFR checkpoint?,B,A parachute icon,A small flag,A dashed circle,,,Airports & airspace,Chart Ledgend supplement & airport data,Airports and Airspace questions slides 32-62 -key,Operations,Airport operations and traffic patterns
,What is the purpose of the CTAF frequency listed on a chart?,B,To contact ATC for clearance,To monitor traffic at non-towered airports,To report weather conditions,,,Airports & airspace,Chart Ledgend supplement & airport data,Airports and Airspace questions slides 32-62 -key,Operations,General operations
,Why is runway elevation important for sUAS operators?,B,It determines the drone’s battery life,It affects the risk of collision with aircraft,It helps calculate wind speed,,,Airports & airspace,Chart Ledgend supplement & airport data,Airports and Airspace questions slides 32-62 -key,Operations,General operations
,What does the magenta color of an airport symbol indicate?,B,Military airport,No control tower,Temporary closure,,,Airports & airspace,Chart Ledgend supplement & airport data,Airports and Airspace questions slides 32-62 -key,Operations,General operations
,What does the blue color of an airport symbol indicate?,A,Controlled airport,Private airport,No control tower,,,Airports & airspace,Chart Ledgend supplement & airport data,Airports and Airspace questions slides 32-62 -key,Operations,General operations
,What does a communication box on a sectional chart provide?,B,Obstacle height,Radio frequencies,Runway length,,,Airports & airspace,Chart Ledgend supplement & airport data,Airports and Airspace questions slides 32-62 -key,Airspace Classification and Operating Requirements,Controlled vs uncontrolled airspace / ATC authorization
,What does the number in parentheses below an obstacle height indicate?,B,Height above sea level,Height above ground level,Clearance altitude,,,Airports & airspace,Chart Ledgend supplement & airport data,Airports and Airspace questions slides 32-62 -key,Airspace Classification and Operating Requirements,Controlled vs uncontrolled airspace / ATC authorization
,What is the typical size of a quadrant used for MEF calculations?,B,10’ x 10’,30’ x 30’,60’ x 60’,,,Airports & airspace,MEF,Airports and Airspace questions slides 32-62 -key,Operations,General operations
,What does an MEF value of 35 indicate?,A,"3,500 feet MSL",350 feet AGL,"3,500 feet AGL",,,Airports & airspace,MEF,Airports and Airspace questions slides 32-62 -key,Operations,General operations
,,,,,,,,,,,,
,No Unit Test Until Done all Airport Sections,,,,,,,,,,,
,SEE BELOW FOR TEST,,,,,,,,,,,
,,,,,,,,,,,,
,,,,,,,,,,,,
,Towered airports have,B,No control tower,A control tower with controllers,No radio communication,,,Airports & airspace,towed Airports,Airports & airspace Slides 1-30 - key- chat,Operations,General operations
,,,,,,,,,,,,
,Latitude and Longitude End of section Questions,,,,,,,,,,,
,"Refer to figure Longitude and Latitude Points A - D, What are the coordinates of Point A?",A,N 39° 23' W 90° 53',N 39° 23' W 91° 7',N 40° 7' W 90° 53',,,Airports & airspace,L& L,Latitude & Longitude WS Extra Practice - Key,,
,"Refer to figure Longitude and Latitude Points A - D, What are the coordinates of Point B?",B,N 41° 50' W 85° 54',N 41° 50' W 86° 5',N 42° 10' W 86° 5',,,Airports & airspace,L& L,Latitude & Longitude WS Extra Practice - Key,,
,"Refer to figure Longitude and Latitude Points A - D, What are the coordinates of Point C?",C,N 31° 7' W 91° 15',N 31° 7' W 90° 31',N 31° 7' W 90° 45',,,Airports & airspace,L& L,Latitude & Longitude WS Extra Practice - Key,,
,"Refer to figure Longitude and Latitude Points A - D, What are the coordinates of Point D?",A,N 34° 35' W 87° 5',N 34° 35' W 86° 51',N 34° 49' W 87° 5',,,Airports & airspace,L& L,Latitude & Longitude WS Extra Practice - Key,,
,Convert N 49.4517 to degrees and minutes.,B,N 49° 45',N 49° 27',N 27° 49',,,Airports & airspace,L& L,Latitude & Longitude WS Extra Practice - Key,,
,Convert W 73.3398 to degrees and minutes.,C,W 73° 34',W 33° 20',W 73° 20',,,Airports & airspace,L& L,Latitude & Longitude WS Extra Practice - Key,,
,Convert N 44.5923 to degrees and minutes.,B,N 44° 59',N 44° 35',N 35° 44',,,Airports & airspace,L& L,Latitude & Longitude WS Extra Practice - Key,,
,Convert W 82.5976 to degrees and minutes.,A,W 82° 36',W 82° 59',W 36° 82',,,Airports & airspace,L& L,Latitude & Longitude WS Extra Practice - Key,,
,,,,,,,,,,,,
,Latitude and Longitude End of section Quiz,,,,,,,,,,,
,(Refer to Figure 1 L & L pic quiz) What is the Latitude and Longitude of Key West Airport,C,82 25’ 33” N and 56 25’ 33” W,30’ 27’ 21’N and 82 25’ 33” W,24 33’ 21” N and 81 45’ 33” W,,,Airports & airspace,L& L,L & L Quiz 2 Q- Key,,
,(Refer to Figure 2 L & L pic quiz) Which airport is located at 36° 45’ N and 85° 57’ W,C,Lafayette Muni (3M7),Tompkinsville/Monroe County,Adair Private Airport,,,Airports & airspace,L& L,L & L Quiz 2 Q- Key,,
,,,,,,,,,,,,
,3 airspace classes 3,,,,,,,,,,,
,Class A airspace begins at what altitude?,B,"10,000 feet MSL","18,000 feet MSL","60,000 feet MSL",,,Airports Classification,Classes,Special Use and Other Airspace - Key,,
,Which operation is required for all aircraft operating in Class A airspace?,C,Visual Flight Rules (VFR),Special VFR,Instrument Flight Rules (IFR),,,Airports Classification,Classes,Special Use and Other Airspace - Key,,
,"Before operating a small UAS in Class B airspace, a remote pilot must:",C,File a flight plan,Notify the airport manager,Receive ATC authorization,,,Airports Classification,Classes,Special Use and Other Airspace - Key,,
,Class C airspace normally extends from the surface to:,B,"2,500 feet MSL","4,000 feet MSL","10,000 feet MSL",,,Airports Classification,Classes,Special Use and Other Airspace - Key,,
,Which airspace generally surrounds airports with an operational control tower but lower traffic volume than Class C?,A,Class D,Class E,Class G,,,Airports Classification,Classes,Special Use and Other Airspace - Key,,
,A remote pilot operating in Class D airspace must:,B,Contact Flight Service only,Receive ATC authorization,Fly below 200 feet AGL,,,Airports Classification,Classes,Special Use and Other Airspace - Key,,
,"On a sectional chart, Class D airspace is depicted by:",C,Dashed magenta lines,Solid blue lines,Dashed blue lines,,,Airports Classification,Classes,Special Use and Other Airspace - Key,,
,A faded magenta vignette around an airport normally indicates Class E airspace beginning at:,B,Surface level,700 feet AGL,"1,200 feet MSL",,,Airports Classification,Classes,Special Use and Other Airspace - Key,,
,Federal Airways shown on sectional charts are usually found within:,C,Class B airspace,Class C airspace,Class E airspace,,,Airports Classification,Classes,Special Use and Other Airspace - Key,,
,Which Class E airspace requires ATC authorization for drone operations?,C,E3,E4,E2,,,Airports Classification,Classes,Special Use and Other Airspace - Key,,
,Dashed magenta lines that do not intersect another airspace area generally indicate:,A,Class E2 surface area,Class D airspace,Restricted area,,,Airports Classification,Classes,Special Use and Other Airspace - Key,,
,Class G airspace is considered:,C,Controlled airspace,Restricted airspace,Uncontrolled airspace,,,Airports Classification,Classes,Special Use and Other Airspace - Key,,
,Prior authorization is generally required before operating in Class G airspace.,B,TRUE,FALSE,Only at night,,,Airports Classification,Classes,Special Use and Other Airspace - Key,,
,Which of the following is NOT a consideration of airspace classification?,B,Complexity of aircraft movements,Number of passengers that use the closest airport,Level of safety required,,,Airports & Airspace,"Airspace Classifications, ",Airports & Airspace Test - key,,
,You have been hired to inspect a railroad near Cocolalla. (Refer to figure 22 south of area 1) Do you need approval from ATC?,B,"Yes, it is class E airspace from the surface",No it is Class G airspace,No it is Class E from the surface,,,Airports & Airspace,Controlled vs Non controlled Airspace,Airports & Airspace Test - key,,
,"(Refer to FAA-CT-8080-2G, Figure 23) What’s the lower altitude limit of Class E airspace at Statesboro Bulloch County Airport (TBR)?",A,887 ft. MSL,700 ft. MSL,"1,200 ft. MSL",,,Airports & Airspace,Controlled vs Non controlled Airspace,Extra 2 Questions,,
,You want to fly a drone near a regional airport where the sectional chart shows Class E airspace starting at the surface at 300 ft AGL. What is required?,A,Authorization from ATC prior to flight.,Nothing. You can fly freely in Class E airspace at 300 ft AGL.,A waiver only if flying at night.,,,Airports & Airspace,Airspace Classifications,tricky questions,,
,You're planning a flight in a rural area. The sectional chart shows Class G airspace at the surface. What must you do before flying?,B,Request ATC authorization.,Nothing. Authorization is not required.,File a flight plan.,,,Airports & Airspace,Airspace Classifications,tricky questions,Airspace Classification and Operating Requirements,Controlled vs uncontrolled airspace / ATC authorization
,Which classes use MSL and AGL?,C,"Classes B, C and D",Classes B & C,Class E and G,,,Airports & Airspace,Airspace Classifications,Additional extra extra maps,,
,Which classes use MSL only?,A,"Classes A, B, C & D",Classes B & C,Class E and G,,,Airports & Airspace,Airspace Classifications,Additional extra extra maps,,
,What class has only one layer and looks like a cylinder?,B,Class C,Class D,Class E,,,Airports & Airspace,Class D,Additional extra extra maps,,
,"Refer to FAA-CT-8080-2H, Figure 80, Montrose Regional starts at what altitude?",A,The surface,700 ft AGL,700 ft MSL,,,Airports & Airspace,Class E,Additional extra extra maps,,
,"Refer to FAA-CT-8080-2H, figure 80, Outside dashed magenta lines near Roubideau (Pvt) airport what airspace is from surface up to 700 ft AGL?",B,Class E,Class G,Class D,,,Airports & Airspace,Class E,Additional extra extra maps,,
,"(Refer to FAA-CT-8080-2H, Figure 69, Area 5) Do you need authorization in the area within the dashed magenta lines that are intersecting Class C ?",A,No ATC authorization required (Class E3),Yes ATC authorization required in E3,Yes it is Class C,,,Airports & Airspace,Class C,Additional extra extra maps,,
,"(Refer to FAA-CT-8080-2H, Figure 69, South of Area 1) Do you need authorization inside dashed magenta lines near Corpus Christi?",C,Yes it is Class E,Yes it is Class D,No ATC authorization needed class E,,,Airports & Airspace,Class E,Additional extra extra maps,,
,"(Refer to FAA-CT-8080-2H, Figure 69, South of Area 1) Do you need authorization inside blue dashed lines at Corpus Christi?",B,Yes it is Class E,Yes it is Class D,No ATC authorization needed (Class E4),,,Airports & Airspace,Class D,Additional extra extra maps,,
,"(Refer to FAA-CT-8080-2H, Figure 23 South of Area 4) What is the lower altitude limit of Class E at Statesboro Bulloch County Airport?",A,887 ft MSL,700 ft MSL,1200 ft MSL,,,Airports & Airspace,Class E,Additional extra extra maps,,
,Refer to figure 21 Area 1. At what altitude above the radio tower south of Minot Intl Airport may you fly?,C,700 ft MSL.,"2,579 ft AGL.",798 ft AGL.,,,Airports & Airspace,"Airspace Classifications, Operating Rules",more drone prep questions,,
,"Refer to figure 22. While inspecting the obstacle located 3 miles northwest of Coeur D'Alene-Boyington Airport, what is the highest altitude AGL you can fly?",B,"2,429 feet AGL, the height of the obstacle.",400 feet above the ground.,400 feet above the top of the obstacle if you stay within 400 feet horizontally.,,,Airports & Airspace,"Airspace Classifications, sectional charts",more drone prep questions,,
,"When a control tower located on an airport within Class D airspace ceases operation for the day, what happens to the airspace designation?",A,The airspace reverts to Class E or a combination of Class E and G airspace.,The airspace stays Class D as long as there’s a weather observer or automated weather system.,The airspace normally won’t change.,,,Airports & Airspace,Airport Classificatons,more drone prep questions,Operations,General operations
,Which airspace types require authorization before flying under Part 107?,A,"Class B, C, D, and Class E surface areas.","Class B, C, and D only.",Class E above 700 ft and Class G.,,,Airports & Airspace,Airport Classificatons,more drone prep questions,Weather and Weather Sources,Cloud types and hazards
,"(Refer to Figure 22, Area 1) The floor of the controlled airspace overlying the Sandpoint Airport is:",A,700 feet MSL,700 feet AGL,At the surface,,,Airports & Airspace,Controlled vs Non controlled Airspace,Additional Airspace Maps - Key,Airspace Classification and Operating Requirements,Controlled vs uncontrolled airspace / ATC authorization
,"(Refer to Figure 25, Area 5) What is the elevation range of the Class B airspace?",A,"Surface to 11,000 feet AGL","Surface to 1,100 feet MSL","Surface to 11,000 feet MSL",,,Airports & Airspace,Controlled vs Non controlled Airspace,Additional Airspace Maps - Key,Airspace Classification and Operating Requirements,Controlled vs uncontrolled airspace / ATC authorization
,"(Refer to Figure 26, area 4) You have been hired to inspect the tower under construction at 46.90N and 98.55W, near Jamestown Regional (JMS). What must you receive prior to your flying an UA in this area?",A,Authorization from the National Park Service,Authorization from the military,Authorization from the ATC,,,Airports & Airspace,Controlled vs Non controlled Airspace,Additional Airspace Maps - Key,Airspace Classification and Operating Requirements,Controlled vs uncontrolled airspace / ATC authorization
,(Refer to figure 78) You have been hired to use your sUAS to inspected the railroad tracks from Blencoe (SE of Sioux City) to Onawa. Will ATC authorization be required?,A,"Yes, Onawa is in Class D airspace that is designated for an airport","No, your entire flight is Class G airspace","Yes, you must contact the Onawa control tower to operate within 5 miles of the airport",,,Airports & Airspace,Controlled vs Non controlled Airspace,Additional Airspace Maps - Key,Operations,Airport operations and traffic patterns
,"(Refer to figure 24, Northeast of area 1) What is the ceiling of Class D Airspace surrounding Majors (GVT) airport?",A,"3,000 feet MSL","3,000 feet AGL","1,200 feet AGL",,,Airports & Airspace,Class D,Additional Airspace Maps - Key,Airspace Classification and Operating Requirements,Controlled vs uncontrolled airspace / ATC authorization
,An sUAS can fly in a prohibited area because there is no one inside it.,B,True,False -,,,,Airports & Airspace,"airspace classifications, Prohibited areas",Airports & Airspace Test - key,,
,An sUAS operator will not be able to determine what type of airspace they are operating in by using a sectional chart.,B,True,False,,,,Airports & Airspace,Aeronautical Charts,Airports & Airspace Test - key,,
,"Before flying in a military operations area, an sUAS operator should do what to find out if it is active?",B,Call your local military base,Refer to the sectional chart legend,Call the nearest FAA office,,,Airports & Airspace,"airspace classifications, MOA",Airports & Airspace Test - key,,
,,,,,,,,,,,,
,Special Use end of section Questions,,,,,,,,,,,
,"Which special use airspace contains hazards such as artillery firing, aerial gunnery, or guided missiles?",A,Restricted Area,Alert Area,TRSA,,,Airports Classification,Special Use,Special Use and Other Airspace - Key,,
,Warning Areas differ from Restricted Areas because they are located:,B,Around Class B airports,Over open waters beyond U.S. territorial jurisdiction,Only in military bases,,,Airports Classification,Special Use,Special Use and Other Airspace - Key,,
,Warning Areas begin how far from the U.S. coastline?,B,1 NM,3 NM,12 NM,,,Airports Classification,Special Use,Special Use and Other Airspace - Key,,
,The primary purpose of a Military Operations Area (MOA) is to:,B,Protect national monuments,Separate military training activities from other traffic,Restrict all civilian flight,,,Airports Classification,Special Use,Special Use and Other Airspace - Key,,
,Alert Areas are established because they may contain:,B,Nuclear facilities,High volumes of training activity or unusual aerial activity,Active missile launches,,,Airports Classification,Special Use,Special Use and Other Airspace - Key,,
,Controlled Firing Areas (CFAs) are typically not shown on sectional charts because:,B,They no longer exist,Operations stop when aircraft approach,They are inside Class B airspace only,,,Airports Classification,Special Use,Special Use and Other Airspace - Key,,
,,,,,,,,,,,,
,Other Airspace end of section questions,,,,,,,,,,,
,Military Training Routes (MTRs) allow military aircraft to:,A,"Exceed 250 knots below 10,000 feet",Fly without transponders,Enter prohibited areas freely,,,Airports Classification,Other Airspace,Special Use and Other Airspace - Key,,
,An MTR identified as VR-1007 is:,B,"An IFR route above 1,500 feet AGL","A VFR military training route with no segment above 1,500 feet AGL",A prohibited area,,,Airports Classification,Other Airspace,Special Use and Other Airspace - Key,,
,Temporary Flight Restrictions (TFRs) are issued through:,B,Airport directories only,NOTAMs,Weather briefings only,,,Airports Classification,Other Airspace,Special Use and Other Airspace - Key,,
,Which activity may result in the establishment of a TFR?,A,Super Bowl events,Routine flight training,Agricultural operations,,,Airports Classification,Other Airspace,Special Use and Other Airspace - Key,,
,A Terminal Radar Service Area (TRSA) is established to:,B,Prohibit VFR traffic,Provide additional radar services and separation assistance,Support military gunnery operations,,,Airports Classification,Other Airspace,Special Use and Other Airspace - Key,,
,National Security Areas (NSAs) are established where:,A,Increased security of ground facilities is needed,Commercial airlines train pilots,Agricultural spraying occurs,,,Airports Classification,Other Airspace,Special Use and Other Airspace - Key,,
,Air Defense Identification Zone (ADIZ) boundaries are shown on sectional charts as:,C,Blue-hatched borders,Solid gray lines,Magenta lines with dots,,,Airports Classification,Other Airspace,Special Use and Other Airspace - Key,,
,,,,,,,,,,,,
,Airport Operations end of Section Questions,,,,,,,,,,,
,Why is it important for sUAS operators to understand airport runway layouts?,A,To avoid interfering with arriving and departing aircraft,To determine the best takeoff location,To find the shortest route,,,Airports & Airspace,"Airport Operations, Runways",Section 4 airports & airspace ws key chat,,
,Why should sUAS operators avoid flying near birds?,A,Birds may attack the drone,It is illegal to fly near birds,Birds are attracted to drones,,,Airports & Airspace,"Airport Operations, wildlife",Section 4 airports & airspace ws key chat,,
,Are sUAS operators required to report bird strikes?,C,"Yes, always",Only if the bird is endangered,"No, not under Part 107",,,Airports & Airspace,"Airport Operations, wildlife",Section 4 airports & airspace ws key chat,,
,What is the minimum altitude a pilot should reach before turning crosswind?,B,200 feet AGL,300 feet below pattern altitude,500 feet AGL,,,Airports & Airspace,"Airport Operations, Traffic Patterns",Section 4 airports & airspace ws key chat,,
,What is the standard direction for traffic patterns in the U.S.?,B,Right-hand unless otherwise noted,Left-hand unless otherwise noted,Clockwise,,,Airports & Airspace,"Airport Operations, Traffic Patterns",Section 4 airports & airspace ws key chat,,
,At what angle should a pilot enter the traffic pattern?,C,90°,180°,45°,,,Airports & Airspace,"Airport Operations, Traffic Patterns",Section 4 airports & airspace ws key chat,,
,What does the “L” in Runway 04L indicate?,B,The runway is for light aircraft,The runway is on the left side of a parallel pair,The runway is used for landings only,,,Airports & Airspace,"Airport Operations, Traffic Patterns",Section 4 airports & airspace ws key chat,,
,When should a pilot begin the turn to final approach?,C,"After reaching 1,500 feet AGL",At the midpoint of the downwind leg,At least 1/4 mile from the runway,,,Airports & Airspace,"Airport Operations, Traffic Patterns",Section 4 airports & airspace ws key chat,,
,Why are aircraft most vulnerable during arrival and departure?,B,They are flying at their highest speeds,They are flying at their lowest altitudes and speeds,They are not using navigation systems,,,Airports & Airspace,"Airport Operations, Traffic Patterns",Section 4 airports & airspace ws key chat,,
,What is the typical traffic pattern altitude for propeller-driven aircraft?,C,"1,500–2,000 feet AGL",400–600 feet AGL,"800–1,000 feet AGL",,,Airports & Airspace,"Airport Operations, Traffic Patterns",Section 4 airports & airspace ws key chat,,
,How are runway numbers determined?,C,Based on airport elevation,Based on the number of runways,Based on magnetic heading divided by 10,,,Airports & Airspace,"Airport Operations, Runways",Section 4 airports & airspace ws key chat,,
, What regulation governs access to SIDA areas?,B,CFR 14 Part 107,CFR 49 Part 1542,FAA Order 7110.65,,,Airports & Airspace,Airport Operations,Section 4 airports & airspace ws key chat,,
,What is a SIDA area at an airport?,B,A designated wildlife protection zone,A secure area requiring special ID,A runway maintenance zone,,,Airports & Airspace,Airport Operations,Section 4 airports & airspace ws key chat,,
,What is the primary purpose of a Reliever Airport?,C,To handle military operations,To provide private aviation services,To relieve congestion at Commercial Service Airports,,,Airports & Airspace,Airport Operations,Section 4 airports & airspace ws key chat,,
,Towered airports have,B,No control tower,A control tower with controllers,No radio communication,,,Airports & airspace,towed Airports,Airports & airspace Slides 1-30 - key- chat,Operations,General operations
,What type of airport is NOT open to the general public?,C,Civil Airport,Towered Airport,Private Airport,,,Airports & Airspace,Airport Operations,Section 4 airports & airspace ws key chat,,
,,,,,,,,,,,,
,Runways End of Section Questions,,,,,,,,,,,
,An aircraft announces they are on the short final of a RWY 36. Where is the aircraft in relation to the airport?,A,South,West,North,,,Airports & Airspace,general,airspace Patterns Ws key chat,,
,While monitoring the Barnes CTAF you hear an aircraft announce that they are midfield left downwind to RWY 11. Where would the aircraft be relative to the runway?,C,The aircraft is North,The aircraft is West,The Aircraft is East,,,Airports & Airspace,"Airport Operations, Traffic Patterns",airspace Patterns Ws key chat,,
,While monitoring the Coventon CTAF you hear an aircraft announce that they are midfield left downwind to RWY 27. Where would the aircraft be relative to the runway?,A,The aircraft is South,The aircraft is West,The Aircraft is North,,,Airports & Airspace,"Airport Operations, Traffic Patterns",airspace Patterns Ws key chat,,
,While monitoring the CTAF you hear an aircraft announce that they are midfield left downwind to RWY 14. What is the heading of the aircraft?,A,320 degrees,130 degrees,180 degrees,,,Airports & Airspace,"Airport Operations, Traffic Patterns",airspace Patterns Ws key chat,,
,While monitoring the CTAF you hear an aircraft announce that they are midfield left downwind to RWY 24. What is the heading of the aircraft?,C,40 degrees,50 degrees,60 degrees,,,Airports & Airspace,"Airport Operations, Traffic Patterns",airspace Patterns Ws key chat,,
,While monitoring the Pittsburg CTAF you hear an aircraft announce that they are midfield left downwind to RWY 4. Where would the aircraft be relative to the runway?,B,The aircraft is South,The aircraft is West,The Aircraft is East,,,Airports & Airspace,"Airport Operations, Traffic Patterns",airspace Patterns Ws key chat,,
,"The standard airport traffic pattern is to the what, unless otherwise noted.",A,Left,Right,,,,Airports & Airspace,"Airport Operations, Traffic Patterns",Airports & Airspace Test - key,,
,Runway numbers are based on the,B,Airport design standards,Approach direction,Runway length,,,Airports & Airspace,"Airport Operations, Traffic Patterns",Airports & Airspace Test - key,,
,Why should unmanned operators be familiar with airport traffic patterns?,B,To avoid restricted airspace.,To anticipate potential conflicts.,To determine best takeoff/landing time.,,,Operations,Airport Operations,Additional topics mc1- key part 1 & 2 combined,,
,,,,,,,,,,,,
,End of Unit Test Airports and Airspace Classifications,,,,,,,,,,,
,"(Refer to FAA-CT-800-2H, Figure 21). What is the airport located approximately 47 degrees 40 minutes N latitude and 101 degrees 26 minutes w longitude?",C,Mercer County,Shemshenko,Garrison,,,Airports & Airspace,"Overview, L &L",Airports & Airspace Test - key,,
,"(Refer to FAA-CT-8080-2H, Figure 20 Area 1) The Fentress NALF Airport (NFE) is in what type of airspace?",B,Class C,Class E,Class G,,,Airports & Airspace,Controlled vs Non controlled Airspace,Airports & Airspace Test - key,,
,An sUAS can fly in a prohibited area because there is no one inside it.,B,True,False -,,,,Airports & Airspace,"airspace classifications, Prohibited areas",Airports & Airspace Test - key,,
,An sUAS operator can find out if they are operating near an airport and basic information about that airport by using a sectional chart.,A,True,False,,,,Airports & Airspace,Aeronautical Charts,Airports & Airspace Test - key,,
,An sUAS operator does not need prior authorization to fly in which airspace?,C,Class B,Class E,Class G,,,Airports & Airspace,"Airspace Classifications, ",Airports & Airspace Test - key,,
,An sUAS operator will not be able to determine what type of airspace they are operating in by using a sectional chart.,B,True,False,,,,Airports & Airspace,Aeronautical Charts,Airports & Airspace Test - key,,
,"Before flying in a military operations area, an sUAS operator should do what to find out if it is active?",B,Call your local military base,Refer to the sectional chart legend,Call the nearest FAA office,,,Airports & Airspace,"airspace classifications, MOA",Airports & Airspace Test - key,,
,How often are sectional charts covering the continental U.S. updated?,C,Monthly,Quarterly,Semi-annually,,,Airports & Airspace,Aeronautical Charts,Airports & Airspace Test - key,,
,Lines of latitude,B,Run perpendicular to the equator,Run parallel to the equator,Run diagonal to the equator,,,Airports & Airspace,"Overview, L &L",Airports & Airspace Test - key,,
,Lines of longitude run from the North Pole to the South Pole.,A,True,False,,,,Airports & Airspace,"Overview, L &L",Airports & Airspace Test - key,,
,"Refer to FAA-CT-8080-2H, Figure 75 area 6. During preflight planning you plan to operate in R-2305, where would you find additional info regarding this airspace?",B,In the special Use Airspace of the chart.,,,,,Airports & Airspace,"airspace classifications, Restricted areas",Airports & Airspace Test - key,,
,Runway numbers are based on the,B,Airport design standards,Approach direction,Runway length,,,Airports & Airspace,"Airport Operations, Traffic Patterns",Airports & Airspace Test - key,,
,The Prime Meridian runs through,C,"Washington, DC","Paris, France","Greenwich, England",,,Airports & Airspace,"Overview, L &L",Airports & Airspace Test - key,,
,"The standard airport traffic pattern is to the what, unless otherwise noted.",A,Left,Right,,,,Airports & Airspace,"Airport Operations, Traffic Patterns",Airports & Airspace Test - key,,
,What is the scale on the terminal area chart?,B,"1:100,000","1:250,000","1:500,000",,,Airports & Airspace,Aeronautical Charts,Airports & Airspace Test - key,,
,"When a temporary flight restriction is issued over a disaster area, it is still ok to fly your sUAS if you are trying to help.",B,True,False,,,,Airports & Airspace,"airspace classifications, Other Airspace Areas",Airports & Airspace Test - key,,
,Which airport type is the largest group in the United States?,C,Commercial service airports,Reliever airports,General aviation airports,,,Airports & Airspace,Airport Operations,Airports & Airspace Test - key,,
,Which of the following is NOT a consideration of airspace classification?,B,Complexity of aircraft movements,Number of passengers that use the closest airport,Level of safety required,,,Airports & Airspace,"Airspace Classifications, ",Airports & Airspace Test - key,,
,Which of the following is not a source of airport data?,C,Chart Supplement U.S.,Aeronautical charts,Airport newsletter,,,Airports & Airspace, Airports data sources,Airports & Airspace Test - key,,
,While monitoring CTAF you hear an aircraft announce they where midfield left downwind to RWY 13. Where is the aircraft relative to the runway?,A,East,South,West,,,Airports & Airspace,"Airport Operations, Traffic Patterns",Airports & Airspace Test - key,,
,You have been hired to inspect a railroad near Cocolalla. (Refer to figure 22 south of area 1) Do you need approval from ATC?,B,"Yes, it is class E airspace from the surface",No it is Class G airspace,No it is Class E from the surface,,,Airports & Airspace,Controlled vs Non controlled Airspace,Airports & Airspace Test - key,,
,"A hobbyist sUAS operator does not need to notify a non-towered, general aviation, private airport that they are flying nearby within 5 miles.",A,True,False,,,,Airports & Airspace,,,,
,,,,,,,,,,,,
,5 -WEATHER End of Section Questions,,,,,,,,,,,
,A METAR is a surface weather observation report.,A,True,False,,,,Weather,"Sources, Metar",#REF!,Weather and Weather Sources,METAR interpretation
,"(Refer to FAA-CT-8080-2H, Figure 12.) The wind direction and velocity at KJFK is from",A,180 degrees true at 4 knots.,180 degrees magnetic at 4 knots.,040 degrees true at 18 knots.,,,weather,"Sources, Metar",2nd rnd practice test,Weather and Weather Sources,TAF interpretation
,"(Refer to FAA-CT-8080-2H, Figure 12.) What are the current conditions for Chicago Midway Airport (KMDW)?",A,"Sky 700 feet overcast, visibility 1-1/2SM, rain.","Sky 7,000 feet overcast, visibility 1-1/2SM, heavy rain.","Sky 700 feet overcast, visibility 11, occasionally 2SM, with rain.",,,Weather,"Sources, Metar","2nd Rnd Test Prep, Part 1 Test -Key DE, Remaining Weather questions for James, ",Weather and Weather Sources,TAF interpretation
,"(Refer to FAA-CT-8080-2H, Figure 12.) Which stations are reporting weather that would prohibit UAS operations?",B,KINK and KMDW.,KMDW and KJFK.,KINK and KBOI.,,,weather,"Sources, Metar","2nd Rnd Practice Test, Part 1 Test- Key- DE, new 60 questions test prep",Operations,General operations
,A METAR is usually updated,B,Whenever the observer can get to it,On a regular time interval,Whenever the weather changes,,,Weather,"Sources, Metar",#REF!,Weather and Weather Sources,TAF interpretation
,What type of report provides real-time weather observations?,B,TAF.,METAR.,SIGMET.,,,weather,"Sources, Metar",more drone prep questions,Weather and Weather Sources,General weather concepts
,A METAR does not contain information related to which of the following:,C,Altimeter,Visibility,Turbulence,,,Weather,METAR,#REF!,Weather and Weather Sources,General weather concepts
,"(Refer to FAA-CT-8080-2H, Figure 12.) What are the current conditions for Chicago Midway Airport (KMDW)?",A,"Sky 700 feet overcast, visibility 1-1/2SM, rain.","Sky 7,000 feet overcast, visibility 1-1/2SM, heavy rain.","Sky 700 feet overcast, visibility 11, occasionally 2SM, with rain.",,,Weather,"Sources, Metar",Remaining Weather questions for James,Weather and Weather Sources,TAF interpretation
,A TAF report has winds at 16010KT. What does this mean?,C,Wind is from 160° true 10 kilometers per hour,Wind is from 160° magnetic at 10 knots,Wind is from 160° true at 10 knots,,TAF or MetAR is a land-based report so the tower or station is stationary and the observations are taken from the ground not moving like aircraft so you use a true heading which is the north pole.,Weather,"Sources, TAF",Remaining Weather questions for James,Weather and Weather Sources,TAF interpretation
,TAF Weather End of Section Questions,,,,,,,,,,,
,A TEMPO is:,C,Only valid for 30 minutes,A temporary TAF,A forecast change group,,,Weather,"sources, TAF",Remaining Weather questions for James,Weather and Weather Sources,General weather concepts
,"(Refer to Figure 15,  FAA-CT-8080-2H)  The forecast ceiling at KMEM from 1200Z to 1220Z is:",B,Clear skies,Overcast at 800 feet AGL,"Broken clouds at 3,000 feet AGL",,,Weather,"sources, TAF",TAF Quiz- key,,
,"(Refer to Figure 15,  FAA-CT-8080-2H)  What is the expected wind direction and speed at KMEM from 1222Z onward?",C,020° at 8 knots,350° at 12 knots,330° at 15 knots with gusts to 20 knots,,,Weather,"sources, TAF",TAF Quiz- key,,
,"(Refer to Figure 15,  FAA-CT-8080-2H)  What is the forecast ceiling for KMEM from 1220Z to 1222Z?",A,800 feet AGL,"1,500 feet AGL","3,000 feet AGL",,,Weather,"sources, TAF",TAF Quiz- key,,
,"(Refer to Figure 15,  FAA-CT-8080-2H)  What is the forecast wind direction and speed at KMEM from 1202Z to 1205Z?",A,350° at 12 knots,020° at 8 knots,"330° at 15 knots, gusting to 20 knots",,,Weather,"sources, TAF",TAF Quiz- key,,
,"(Refer to Figure 15,  FAA-CT-8080-2H)  When is fog expected to occur according to the TAF?",B,From 1312Z to 1314Z,From 1212Z to 1214Z,From 1306Z to 1308Z,,,Weather,"sources, TAF",TAF Quiz- key,,
,"(Refer to Figure 15,  FAA-CT-8080-2H) According to the TAF, what type of weather is expected from 1220Z to 1222Z?",A,Thunderstorms with rain and overcast conditions,Snow showers with overcast conditions,Light rain with scattered clouds,,,Weather,"sources, TAF",TAF Quiz- key,,
,"(Refer to Figure 15,  FAA-CT-8080-2H) What is the forecast visibility for KMEM at the beginning of the TAF period (1218Z)?",C,1 mile,3 statute miles,5 statute miles,,,Weather,"sources, TAF",TAF Quiz- key,,
,"(Refer to figure 15,  FAA-CT-8080-2H)  During the period 0600Z to 0606Z, what is the probability of thunderstorms?",C,60%,30%,40%,,"""PROB40"" indicates a 40% probability of thunderstorms and rain.",Weather,"sources, TAF",TAF2 and KEY,,
,"(Refer to figure 15,  FAA-CT-8080-2H)  What does ""BECMG 0522/0524 20013G20KT"" indicate?",A,A gradual change occurring between 0522Z and 0524Z.,A temporary change lasting between 0522Z and 0524Z.,A wind shift to 220° at 20 knots occurring at 0522Z.,,"""BECMG"" signifies a gradual change expected during the specified time period.",Weather,"sources, TAF",TAF2 and KEY,,
,"(Refer to figure 15,  FAA-CT-8080-2H)  What does ""P6SM SCT040"" mean in the forecast starting at 0608Z?",B,"Visibility less than 6 statute miles with scattered clouds at 4,000 feet.","Visibility greater than 6 statute miles with scattered clouds at 4,000 feet.","No significant weather with overcast skies at 4,000 feet.",,"""P6SM"" means visibility is greater than 6 statute miles, and ""SCT040"" indicates scattered clouds at 4,000 feet.",Weather,"sources, TAF",TAF2 and KEY,,
,"(Refer to figure 15,  FAA-CT-8080-2H)  What visibility is expected during the ""TEMPO 0513/0516"" period?",A,1 1/2 statute miles,5 statute miles,Greater than 6 statute miles,,"During this temporary period, visibility is reduced to 1 1/2SM due to mist, ""BR.""",Weather,"sources, TAF",TAF2 and KEY,,
,"(Refer to figure 15,  FAA-CT-8080-2H) What is the forecasted ceiling at 051200Z?",B,"Overcast at 3,000 feet.","Broken at 3,000 feet.","Overcast at 2,000 feet.",,"""BKN030"" indicates a broken layer at 3,000 feet, which is the ceiling.",Weather,"sources, TAF",TAF2 and KEY,,
,"(Refer to figure 15,  FAA-CT-8080-2H) What weather phenomenon is associated with ""OVC008CB""?",B,Cumulonimbus clouds with fog.,Cumulonimbus clouds with thunderstorms.,Stratocumulus clouds with light rain.,,"""CB"" signifies cumulonimbus clouds, typically associated with thunderstorms.",Weather,"sources, TAF",TAF2 and KEY,,
,"(Refer to figure 15, FAA-CT-8080-2H)  At what time does the visibility improve to greater than 6 statute miles?",B,051200Z,051600Z,051524Z,,"At 051600Z, the TAF indicates ""P6SM,"" meaning visibility improves to greater than 6 statute miles.",Weather,"sources, TAF",TAF2 and KEY,,
,"(Refer to figure 15, FAA-CT-8080-2H) What is the wind forecast for 0608Z?",C,140° at 8 knots,"200° at 13 knots, gusting to 20 knots",210° at 15 knots,,"At 0608Z, the TAF indicates ""21015KT,"" meaning wind from 210° at 15 knots.",Weather,"sources, TAF",TAF2 and KEY,,
,"(Refer to FAA-CT-8080-2H, Figure 15.) What is the valid period for the TAF for KMEM?",C,1200Z to 1200Z.,1200Z to 1800Z.,1800Z to 2400Z.,,,weather,"Sources, TAF","2nd rnd practice test, new 60 questions test prep",,
,A TAF is for how many hours or what period of time?,C,12,24,24 or 30,,,Weather,"sources, TAF","2nd Rnd Practice Test, Part 1 Test- Key- DE, new 60 questions test prep",Operations,General operations
,A TAF is updated,B,Once per day,Four times per day,Eight times per day,,,Weather,"sources, TAF",#REF!,Weather and Weather Sources,TAF interpretation
,,,,,,,,,,,,
,Loading and Performance End of Section Questions,,,,,,,,,,,
,An aircraft can stall at any airspeed.,A,TRUE,FALSE,,,,Additional Topics,,My new questions May9,Operations,Airport operations and traffic patterns
,An aircraft that weighs 100 lbs and is subjected to 3 Gs will feel as if it weighs:,D,100 lbs,150 lbs,200 lbs,300 lbs,,Loading & Performance,loading and performance,loading and performance WS Key,Operations,Airport operations and traffic patterns
,"For commercial off‑the‑shelf aircraft with fixed, manufacturer‑approved payloads, which loading action is typically not required prior to flight?",B,Verifying payload security,Verifying balance position,Checking center of gravity,Checking manufacturer‑approved payload positioning,,Loading & Performance,loading and performance,loading and performance WS Key,Operations,Airport operations and traffic patterns
,"If the center of gravity (CG) is forward of the center of pressure (CP), the aircraft will:",C,Pitch nose up,Roll left,Pitch nose down,Become uncontrollable,,Loading & Performance,loading and performance,loading and performance WS Key,,
,What happens to the stalling speed of an aircraft as the load factor increases?,C,The stalling speed decreases.,The stalling speed remains constant.,The stalling speed increases.,,,Loading & Performance,loading and performance,Additional topics mc1- key,,
,What is the primary advantage that manned aircraft pilots have over unmanned pilots when it comes to handling load factors?,B,Manned pilots can use their experience to anticipate and adjust for load factor changes.,"Manned pilots can directly feel the forces affecting the aircraft, allowing for more precise adjustments.",Manned pilots have access to more advanced instrumentation for monitoring load factors.,,,Loading & Performance,loading and performance,Additional topics mc1- key,,
,What is the primary concern for an RPIC when loading a payload onto an aircraft?,B,Ensuring the payload is securely attached.,Verifying the weight and balance of the aircraft.,Confirming the payload does not exceed the aircraft's maximum takeoff weight.,,,Loading & Performance,loading and performance,Additional topics mc1- key,,
,What is the primary concern for an RPIC when operating an aircraft near its maximum takeoff weight?,B,The aircraft may not be able to generate enough lift to become airborne.,The aircraft may be more difficult to control and maneuver.,The aircraft may be more susceptible to turbulence and wind gusts.,,,Loading & Performance,loading and performance,loading Mc Ounline learning key,,
,Which of the following is not one of the four forces acting on an aircraft in straight and level flight?,C,Lift,Drag,Centrifugal force,Thrust,,Loading & Performance,loading and performance,loading and performance WS Key,,
,Which of the following reduces air density and therefore reduces maximum takeoff weight?,C,Cold temperatures,Low humidity,High elevation,Low altitude,,Loading & Performance,loading and performance,loading and performance WS Key,,
,Load Factors and Performance End of Section Questions,,,,,,,,,,,
,Load factor is measured in:,C,Pounds per square foot,Newtons,Gs (acceleration of gravity),Percent of lift,,Loading & Performance,loading and performance,loading and performance WS Key,,
,What is the primary concern regarding operating an aircraft near its maximum takeoff weight?,A,Reduced safety margins for the pilot.,Increased risk of engine failure due to excessive strain.,Higher fuel consumption and reduced flight range.,,,Loading & Performance,loading and performance,loading Mc Ounline learning key,,
,What is the primary factor that determines the load factor experienced by an aircraft during a turn?,A,The aircraft's weight and the angle of the turn.,The aircraft's speed and the altitude.,The aircraft's engine power and the wind conditions.,,,Loading & Performance,loading and performance,Additional topics mc1- key,,
,What is the primary factor that determines the maximum load factor an aircraft can withstand?,C,The aircraft's weight and the angle of the turn.,The aircraft's speed and the altitude.,The aircraft's structural strength and design limitations.,,,Loading & Performance,loading and performance,loading Mc Ounline learning key,,
,What is the relationship between an aircraft's weight and its ability to generate lift?,A,Heavier aircraft require more lift to become airborne.,The weight of an aircraft has no impact on its ability to generate lift.,Lighter aircraft require more lift to become airborne.,,,Loading & Performance,loading and performance,loading Mc Ounline learning key,,
,What is the relationship between the center of gravity (CG) and the center of pressure (CP) in a traditionally designed multirotor aircraft?,B,The CG is located forward of the CP.,The CG and CP are located at the same point.,The CP is located forward of the CG.,,,Loading & Performance,loading and performance,loading Mc Ounline learning key,,
,What is the relationship between the load factor and the stalling speed of an aircraft?,C,The stalling speed decreases as the load factor increases.,The stalling speed remains constant regardless of the load factor.,The stalling speed increases as the load factor increases.,,,Loading & Performance,loading and performance,loading Mc Ounline learning key,,
,What is the relationship between the location of the center of gravity (CG) and the center of pressure (CP) on a fixed-wing aircraft?,A,The CG is located forward of the CP.,The CG and CP are located at the same point.,The CP is located forward of the CG.,,,Loading & Performance,loading and performance,loading Mc Ounline learning key,,
,"When an aircraft enters a turn, the load factor results from a combination of gravity and what?",B,Drag,Horizontal component of lift,Increased thrust,Wind gusts,,Loading & Performance,loading and performance,loading and performance WS Key,,
,Which two components are the primary considerations for aircraft balance?,B,Lift and drag.,Center of gravity and center of pressure.,Propeller thrust and battery voltage.,,,Additional Topics,,My new questions May9,,
,Why is it unsafe to fly an unmanned aircraft at or near its maximum takeoff weight?,B,It increases GPS error,It reduces available safety margins once airborne,It causes battery malfunction,It increases propeller RPM too much,,Loading & Performance,loading and performance,loading and performance WS Key,,
,No Loading and Performance Test its with ADM,,,,,,,,,,,
,,,,,,,,,,,,
,Emergency End of Section Questions,,,,,,,,,,,
,"During a flight of your small UA, you observe a hot air balloon entering the area. You should",A,Yield the right-of-way to the hot air balloon.,"Ensure the UA passes below, above, or ahead of the balloon.",Expect the hot air balloon to climb above your altitude.,,,Operations,Emergency Procedures,My new questions May9,,
,"To avoid a possible collision with a manned airplane, you estimate that your small UA climbed to an altitude greater than 600 feet AGL. To whom must you report the deviation?",C,Air Traffic Control.,The National Transportation Safety Board.,Upon request of the Federal Aviation Administration.,,,Operations,Emergency Procedures,My new questions May9,,
,What is the primary reason most aviation accidents occur?,C,Mechanical failures in aircraft systems.,Unforeseen weather conditions.,Errors in judgment or decision-making by pilots.,Lack of proper training and certification.,,,,Additional Topics MC Part 3 Key,,
,What is the primary responsibility of the Remote Pilot in Command (RPIC) during an in-flight emergency?,C,To immediately land the unmanned aircraft in the nearest safe location.,To contact the FAA and report the emergency.,To ensure all team members are informed of the situation and the course of action.,To deviate from Part 107 regulations only if absolutely necessary.,,,,,,
,What is the primary reason why the RPIC should document any emergency deviation from Part 107 regulations?,B,To provide evidence in case of a legal dispute.,To inform the FAA of any potential safety concerns.,To ensure that the team members are aware of the situation.,To help the RPIC learn from the experience and improve future operations.,,,,,,
,What is the primary reason why you should remain calm during an emergency?,A,Calmness allows the operator to think clearly and make better decisions.,Calmness helps to prevent panic among other team members.,Calmness is a requirement for reporting emergencies to the FAA.,Calmness is a sign of a skilled and experienced operator.,,,,,,
,,,,,,,,,,,,
,No Emergency Test its with ADM,,,,,,,,,,,
,,,,,,,,,,,,
,,,,,,,,,,,,
,Communications End of Section Questions,,,,,,,,,,,
,What is the primary function of a Flight Service Station (FSS) at an airport?,B,To provide air traffic control services to aircraft.,To offer weather forecasts and airport information to pilots.,To coordinate emergency responses in case of accidents.,,,Operations,communications,Additional topics mc1- key,Weather and Weather Sources,TAF interpretation
,What is the recommended action for an unmanned aircraft operator flying within 5 miles of a non-towered airport?,B,Contact the airport tower for clearance before flying.,Monitor the CTAF frequency for airport traffic information.,Maintain a safe distance from other aircraft and avoid radio communication.,,,Operations,communications,Additional topics mc1- key,Weather and Weather Sources,General weather concepts
,What is the primary function of a MULTICOM frequency?,C,Provide air traffic control services.,Coordinate emergency responses.,Facilitate communication at airports without UNICOM.,,,Operations,communications,Additional topics mc1- key part 1 & 2 combined,Operations,General operations
,What is the primary function of a UNICOM station at a non-towered airport?,B,Provide air traffic control services.,Offer weather forecasts and airport information.,Coordinate emergency responses.,,,Operations,communications,Additional topics mc1- key part 1 & 2 combined,Operations,Airport operations and traffic patterns
,What is the primary purpose of the CTAF?,C,Provide air traffic control services.,Coordinate emergency responses.,Facilitate communication at non-towered airports.,,,Operations,communications,Additional topics mc1- key part 1 & 2 combined,Operations,General operations
,What is the purpose of using the phonetic alphabet in aviation radio communication?,A,To ensure clear communication of letters.,To add a layer of security.,To make communication more efficient.,,,Operations,communications,Additional topics mc1- key part 1 & 2 combined,Aircraft Loading and Performance,"Weight, balance, and performance"
,What is the recommended action when flying near a non-towered airport without UNICOM?,B,Contact nearest towered airport.,Use the MULTICOM frequency.,Avoid flying near the airport.,,,Operations,communications,Additional topics mc1- key part 1 & 2 combined,Aircraft Loading and Performance,"Weight, balance, and performance"
,Is it mandatory for sUAS operators to monitor CTAF at non-towered airports?,C,"Yes, always",Only during daylight hours,"No, but it is recommended",,,Operations,Radio Communications,Section 4 airports & airspace ws key chat,Operations,Airport operations and traffic patterns
,What is the purpose of using the phonetic alphabet in aviation radio communication?,A,To ensure clear and unambiguous communication of letters over the radio.,To add a layer of security to radio transmissions.,To make radio communication more efficient by using shorter words.,,,Operations,Radio Communications,My new questions May9,,
,What is the primary function of a UNICOM station at a non-towered airport?,B,To provide air traffic control services to aircraft.,To offer weather forecasts and airport information to pilots.,To coordinate emergency responses.,,,Operations,Radio Communications,My new questions May9,,
,What is the primary purpose of the Common Traffic Advisory Frequency (CTAF) in aviation?,C,To provide air traffic control services to aircraft.,To coordinate emergency responses.,To facilitate communication and coordination between aircraft and ground personnel at non-towered airports.,,,Operations,Radio Communications,My new questions May9,,
,What is the recommended action for an unmanned aircraft operator flying near a non-towered airport that does not have a UNICOM frequency?,B,Contact the nearest towered airport for clearance.,Use the MULTICOM frequency for communication and coordination.,Avoid flying near the airport altogether.,,,Operations,Radio Communications,My new questions May9,,
,What is the primary reason why unmanned aircraft operators should be familiar with airport traffic patterns when monitoring radio traffic?,B,To avoid flying in restricted airspace.,To understand the flow of aircraft around the airport and anticipate potential conflicts.,To determine the best time to land or take off.,,,Operations,Radio Communications,My new questions May9,,
,,,,,,,,,,,,
,No Communications Test its with ADM,,,,,,,,,,,
,,,,,,,,,,,,
,ADM End of section Questions,,,,,,,,,,,
,"You have been hired as a remote pilot by a local TV news station to film breaking news with a small UA. You expressed a safety concern and the station manager has instructed you to 'fly first, ask questions later.' What type of hazardous attitude does this attitude represent?",C,Machismo.,Invulnerability.,Impulsivity.,,,Additional Topics,,My new questions May9,Operations,Aeronautical decision-making and risk management
,What does the IMSAFE checklist help an RPIC to assess before a flight?,B,The weather conditions at the flight location.,The pilot's physical and mental readiness for the job.,The aircraft's maintenance and safety records.,,,Additional Topics,,My new questions May9,Operations,General operations
,What is the purpose of Crew Resource Management (CRM) in aeronautical decision-making?,B,To ensure that all team members have the necessary technical skills.,To develop training for flight crews that focuses on using all available resources effectively.,To minimize the costs associated with flight operations.,,,Additional Topics,,My new questions May9,Operations,Aeronautical decision-making and risk management
,What is the first step in dealing with hazardous attitudes?,B,Ignoring the attitude and hoping it goes away.,Recognizing when you're having a hazardous thought.,Acting on the attitude without thinking.,,,Additional Topics,,My new questions May9,Weather and Weather Sources,Density altitude & performance
,What is the purpose of the 'six-sigma' process mentioned in relation to risk management?,A,To provide a framework for continuously improving risk assessment and decision-making in drone missions.,To ensure that all team members have the necessary technical skills.,To minimize the costs associated with flight operations.,,,Additional Topics,,My new questions May9,Aircraft Loading and Performance,"Weight, balance, and performance"
,What does ADM provide to pilots as they handle different situations?,B,A fixed set of rules that must be followed without deviation.,A continuous process that gives pilots feedback.,A way to avoid all risks associated with flying.,,,Additional Topics,,My new questions May9,Operations,General operations
,What is 'Situational Awareness' and why is it important for a pilot?,B,The ability to predict future weather conditions during a flight.,"Understanding everything happening during a flight operation, helping pilots avoid fixation and missed hazards.",The skill of quickly repairing mechanical failures during a flight.,,,Additional Topics,,My new questions May9,Operations,General operations
,"What does the acronym 'PAVE' stand for, and how does it relate to risk management?",B,"Pilot, Aircraft, Velocity, Environment.","Pilot-in-Command, Aircraft, Environment, External Pressures.","Planning, Assessment, Verification, Execution.",,,Additional Topics,,My new questions May9,Weather and Weather Sources,General weather concepts
,What is the role of Standard Operating Procedures (SOP) in Crew Resource Management (CRM)?,C,SOPs are designed to limit communication among crew members.,SOPs are not relevant to CRM.,SOPs provide a framework for consistent and effective teamwork.,,,Additional Topics,,My new questions May9,Operations,General operations
,"What is the purpose of a risk management chart, and how should it be used by RPICs?",B,A decorative item used to enhance aesthetics.,"A tool for documenting hazards, assessing risk, and reducing risk.",A legal document to assign blame.,,,Additional Topics,,My new questions May9,Operations,Airport operations and traffic patterns
,"You have been under persistent work-related stress for several months, which is starting to affect your focus during drone operations. What type of stress is this?",B,Acute stress.,Chronic stress.,Temporary fatigue.,,,Operations,Physiological factors,tricky questions,,
,,,,,,,,,,,,
,"ADM, Emergency, Communications and Loading Test",,,,,,,,,,,
,Select the force that is not acting on an aircraft during straight and level flight.,B,Gravity,Centrifugal,Lift,Thrust,,,,Additional Test Topics Quiz,,
,Air density has no effect on an aircraft’s ability to take off.,B,TRUE,FALSE,,,,,,Additional Test Topics Quiz,,
,An aircraft can stall at any airspeed.,A,TRUE,FALSE,,,,,,Additional Test Topics Quiz,,
,"If an unmanned aircraft weighs 20 lbs, what approximate weight would the airplane structure be required to support during a 30-degree banked turn while maintaining altitude?",C,18 lbs,20 lbs,23 lbs,26 lbs,,,,Additional Test Topics Quiz,,
,Unmanned aircraft operators are expected to communicate with manned aircraft over the CTAF when they are operating near a non-towered airport.,B,TRUE,FALSE,,,,,,Additional Test Topics Quiz,,
,Which of the following is not part of the phonetic alphabet:,C,Bravo,India,Mary,Tango,,,,Additional Test Topics Quiz,,
,An unmanned aircraft operator can deviate from any portion of Part 107 to respond to an emergency.,A,TRUE,FALSE,,,,,,Additional Test Topics Quiz,,
,An unmanned aircraft operator should do which of the following after they experience an inflight emergency?,D,Contact their local FAA office,Report what happened to the nearest airport control tower,Nothing,Document what happened and submit a report to the FAA if requested,,,,Additional Test Topics Quiz,,
,Which of the following is not used in the Aeronautical Decision-Making (ADM) process?,A,NOTAM,IMSAFE,PAVE,CRM,,,,Additional Test Topics Quiz,,
,You do not have to worry about dehydration when operating in a cold environment.,B,TRUE,FALSE,,,,,,Additional Test Topics Quiz,,
,Unmanned aircraft operators should base their maintenance and inspection procedures on:,D,FAA guidance,What they saw on YouTube,What they read online,The manufacturer’s recommendations,,,,Additional Test Topics Quiz,,
,The antidote for the attitude macho is,A,Taking chances is foolish,"Not so fast, think first",Follow the rules They are usually right,,,,,Additional Test Topics Quiz,,
,The antidote for the attitude resignation is,C,Taking chances is foolish,"Not so fast, think first","I’m not helpless, I can make a difference",,,,,Additional Test Topics Quiz,,
,The antidote for the attitude anti-authority is,B,"Not so fast, think first",Follow the rules they are usually right,It could happen to me,,,,,Additional Test Topics Quiz,,
,The antidote for the attitude invulnerability is,C,"Not so fast, think first",Follow the rules They are usually right,It could happen to me,,,,,Additional Test Topics Quiz,,
,The antidote for the attitude impulsivity is,A,"Not so fast, think first",Follow the rules They are usually right,Taking chances is foolish,,,,,Additional Test Topics Quiz,,
,What does the IMSAFE checklist help an RPIC to assess before a flight?,B,The weather conditions at the flight location.,The pilot's physical and mental readiness for the job.,The aircraft's maintenance and safety records.,,,Additional Topics,,My new questions May9,Operations,General operations
,What is the purpose of Crew Resource Management (CRM) in aeronautical decision-making?,B,To ensure that all team members have the necessary technical skills.,To develop training for flight crews that focuses on using all available resources effectively.,To minimize the costs associated with flight operations.,,,Additional Topics,,My new questions May9,Operations,Aeronautical decision-making and risk management
,"You have been under persistent work-related stress for several months, which is starting to affect your focus during drone operations. What type of stress is this?",B,Acute stress.,Chronic stress.,Temporary fatigue.,,,Operations,Physiological factors,tricky questions,,
,What is the primary reason why the RPIC should document any emergency deviation from Part 107 regulations?,B,To provide evidence in case of a legal dispute.,To inform the FAA of any potential safety concerns.,To ensure that the team members are aware of the situation.,To help the RPIC learn from the experience and improve future operations.,,,,,,
,What is the recommended action for an unmanned aircraft operator flying within 5 miles of a non-towered airport?,B,Contact the airport tower for clearance before flying.,Monitor the CTAF frequency for airport traffic information.,Maintain a safe distance from other aircraft and avoid radio communication.,,,Operations,communications,Additional topics mc1- key,Weather and Weather Sources,General weather concepts
,What is the primary function of a MULTICOM frequency?,C,Provide air traffic control services.,Coordinate emergency responses.,Facilitate communication at airports without UNICOM.,,,Operations,communications,Additional topics mc1- key part 1 & 2 combined,Operations,General operations
,What is the primary function of a UNICOM station at a non-towered airport?,B,Provide air traffic control services.,Offer weather forecasts and airport information.,Coordinate emergency responses.,,,Operations,communications,Additional topics mc1- key part 1 & 2 combined,Operations,Airport operations and traffic patterns
,What is the primary purpose of the CTAF?,C,Provide air traffic control services.,Coordinate emergency responses.,Facilitate communication at non-towered airports.,,,Operations,communications,Additional topics mc1- key part 1 & 2 combined,Operations,General operations
,What is the recommended action when flying near a non-towered airport without UNICOM?,B,Contact nearest towered airport.,Use the MULTICOM frequency.,Avoid flying near the airport.,,,Operations,communications,Additional topics mc1- key part 1 & 2 combined,Aircraft Loading and Performance,"Weight, balance, and performance"
,What happens to the stalling speed of an aircraft as the load factor increases?,C,The stalling speed decreases.,The stalling speed remains constant.,The stalling speed increases.,,,Loading & Performance,loading and performance,Additional topics mc1- key,,
,What is the primary concern for an RPIC when loading a payload onto an aircraft?,B,Ensuring the payload is securely attached.,Verifying the weight and balance of the aircraft.,Confirming the payload does not exceed the aircraft's maximum takeoff weight.,,,Loading & Performance,loading and performance,Additional topics mc1- key,,
,What is the primary concern for an RPIC when operating an aircraft near its maximum takeoff weight?,B,The aircraft may not be able to generate enough lift to become airborne.,The aircraft may be more difficult to control and maneuver.,The aircraft may be more susceptible to turbulence and wind gusts.,,,Loading & Performance,loading and performance,loading Mc Ounline learning key,,
,Which of the following is not one of the four forces acting on an aircraft in straight and level flight?,C,Lift,Drag,Centrifugal force,Thrust,,Loading & Performance,loading and performance,loading and performance WS Key,,
,Which of the following reduces air density and therefore reduces maximum takeoff weight?,C,Cold temperatures,Low humidity,High elevation,Low altitude,,Loading & Performance,loading and performance,loading and performance WS Key,,
,What is the primary factor that determines the load factor experienced by an aircraft during a turn?,A,The aircraft's weight and the angle of the turn.,The aircraft's speed and the altitude.,The aircraft's engine power and the wind conditions.,,,Loading & Performance,loading and performance,Additional topics mc1- key,,
,What is the relationship between the load factor and the stalling speed of an aircraft?,C,The stalling speed decreases as the load factor increases.,The stalling speed remains constant regardless of the load factor.,The stalling speed increases as the load factor increases.,,,Loading & Performance,loading and performance,loading Mc Ounline learning key,,